,Issue Date,Violation Location,License Plate Number,License Plate State,License Plate Type,Violation Code,Violation Description,Unit,Vehicle Make,Fine Level 1 Amount,Fine Level 2 Amount,Curr Amt Due,Ticket Queue,Ticket Queue Date,Notice Level,Hear Decision,bike block
110,1/1/2006 1:56:00 PM,4211 W 26TH ST,6371677,IL,PAS,0940060,PARK/STAND ON BICYCLE PATH,010,CHEV,100,200,0.0,Paid,9/3/2008 11:02:21 AM,FINL,N,True
14710,1/5/2006 10:27:00 AM,1514 N WELLS,44926JB,IL,TRK,0940060,PARK/STAND ON BICYCLE PATH,0498,GMC,100,200,0.0,Paid,1/12/2006 9:19:13 PM,,N,True
15285,1/4/2006 1:00:00 PM,1003 W ARMITAGE,F755743,IL,PAS,0940060,PARK/STAND ON BICYCLE PATH,0498,HOND,100,200,0.0,Paid,1/10/2006 9:26:28 PM,,N,True
15887,1/4/2006 2:09:00 PM,1548 N WELLS,2109241,IL,PAS,0940060,PARK/STAND ON BICYCLE PATH,0498,MITS,100,200,0.0,Paid,5/30/2006 12:59:17 PM,SEIZ,N,True
17244,1/7/2006 6:30:00 PM,5842 N WINTHROP,9608133,IL,PAS,0940060,PARK/STAND ON BICYCLE PATH,020,BUIC,100,200,0.0,Paid,2/21/2006 10:57:40 AM,DETR,N,True
23336,1/9/2006 9:35:00 AM,1638 N WELLS,5198245,IL,PAS,0940060,PARK/STAND ON BICYCLE PATH,0498,ACUR,100,200,0.0,Paid,1/12/2006 9:18:08 PM,,N,True
23705,1/10/2006 12:47:00 PM,1534 N WELLS,T752190,IL,PAS,0940060,PARK/STAND ON BICYCLE PATH,0498,SUBA,100,200,0.0,Paid,2/6/2006 9:16:23 PM,VIOL,N,True
32055,1/11/2006 11:18:00 AM,168 N CLINTON ST,8357380,IL,PAS,0940060,PARK/STAND ON BICYCLE PATH,0498,HOND,100,200,0.0,Paid,1/21/2006 9:56:29 AM,VIOL,N,True
32101,1/11/2006 9:38:00 AM,1231 S WABASH,MJY849,IL,PAS,0940060,PARK/STAND ON BICYCLE PATH,0498,CHRY,100,200,0.0,Paid,1/27/2006 9:14:08 PM,VIOL,N,True
36651,1/8/2006 4:25:00 PM,3646 W LAWRENCE,1349193,IL,PAS,0940060,PARK/STAND ON BICYCLE PATH,017,FORD,100,200,0.0,Paid,3/31/2006 2:14:07 PM,DETR,N,True
36957,1/8/2006 8:23:00 AM,3319 W MARQUETTE RD,187F625,IL,TMP,0940060,PARK/STAND ON BICYCLE PATH,008,CHEV,100,200,200.0,Notice,8/6/2014 10:03:51 AM,DLS,N,True
51375,1/13/2006 9:16:00 AM,1241 S WABASH,T575373,IL,PAS,0940060,PARK/STAND ON BICYCLE PATH,0498,BMW,100,200,0.0,Paid,2/8/2006 9:21:58 PM,VIOL,N,True
57255,1/18/2006 10:12:00 AM,1358 N WELLS,9662585,IL,PAS,0940060,PARK/STAND ON BICYCLE PATH,0498,GMC,100,200,0.0,Paid,4/9/2007 4:23:24 PM,FINL,N,True
60626,1/12/2006 12:47:00 PM,2038 N LINCOLN,GGZ2335,PA,PAS,0940060,PARK/STAND ON BICYCLE PATH,216,MERZ,100,200,0.0,Paid,10/15/2007 7:42:19 AM,DETR,N,True
66354,1/19/2006 12:13:00 PM,845 W WASHINGTON BLVD,5582TX,IL,TXI,0940060,PARK/STAND ON BICYCLE PATH,0498,MERC,100,200,0.0,Paid,12/12/2006 10:45:08 AM,FINL,N,True
66355,1/19/2006 12:13:00 PM,845 W WASHINGTON BLVD,376TX,IL,TXI,0940060,PARK/STAND ON BICYCLE PATH,0498,FORD,100,200,0.0,Paid,12/18/2006 2:05:02 PM,SEIZ,N,True
82960,1/11/2006 9:15:00 AM,1243 S WABASH,3777221,IL,PAS,0940060,PARK/STAND ON BICYCLE PATH,495,HOND,100,200,0.0,Paid,3/2/2006 9:07:44 PM,DETR,N,True
90820,1/21/2006 8:26:00 PM,2019 W DIVISION,6419256,IL,PAS,0940060,PARK/STAND ON BICYCLE PATH,013,HOND,100,200,0.0,Paid,1/26/2006 9:19:15 PM,,N,True
93696,1/25/2006 11:39:00 AM,1232 S WABASH,402CKJ,WI,PAS,0940060,PARK/STAND ON BICYCLE PATH,0498,DODG,100,200,0.0,Paid,12/8/2006 9:14:59 PM,FINL,N,True
93698,1/25/2006 11:44:00 AM,1304 S WABASH,958F728,IL,TMP,0940060,PARK/STAND ON BICYCLE PATH,0498,FORD,100,200,0.0,Paid,3/14/2006 4:23:30 PM,DETR,N,True
102067,1/25/2006 5:55:00 AM,2125 W DIVISION,897F658,IL,TMP,0940060,PARK/STAND ON BICYCLE PATH,013,LINC,100,200,200.0,Notice,4/20/2011 12:49:41 PM,SEIZ,N,True
117396,1/22/2006 8:40:00 PM,2264 N LINCOLN,7708031,IL,PAS,0940060,PARK/STAND ON BICYCLE PATH,018,DODG,100,200,0.0,Paid,11/22/2006 8:39:37 AM,SEIZ,Y,True
119192,1/31/2006 10:52:00 AM,905 N ELSTON,DL1416G,IL,DLC,0940060,PARK/STAND ON BICYCLE PATH,0498,GMC,100,200,100.0,Define,2/1/2006 9:00:33 PM,,N,True
123380,1/26/2006 1:42:00 PM,4010 W 26TH STREET,13567G,IL,TRK,0940060,PARK/STAND ON BICYCLE PATH,010,FORD,100,200,100.0,Define,2/2/2006 9:00:39 PM,,N,True
124586,1/19/2006 4:12:00 PM,1542 N WELLS,HLR702,IL,PAS,0940060,PARK/STAND ON BICYCLE PATH,018,MERZ,100,200,0.0,Paid,3/9/2006 9:21:17 PM,DETR,N,True
138354,1/26/2006 3:32:00 AM,8373 S BALTIMORE,6488565,IL,PAS,0940060,PARK/STAND ON BICYCLE PATH,004,CADI,100,200,0.0,Paid,2/16/2011 11:01:32 AM,SEIZ,N,True
140403,1/30/2006 12:10:00 PM,1421 W AUGUSTA,84827H,IL,TRK,0940060,PARK/STAND ON BICYCLE PATH,013,FORD,100,200,244.0,Notice,2/8/2006 10:33:27 PM,SEIZ,N,True
154620,2/7/2006 10:46:00 AM,1000 W ARDMORE,7028634,IL,PAS,0940060,PARK/STAND ON BICYCLE PATH,0498,TOYT,100,200,244.0,Notice,2/15/2006 10:32:00 PM,DLS,N,True
167345,2/4/2006 4:28:00 PM,1562 N WELLS,2660265,IL,PAS,0940060,PARK/STAND ON BICYCLE PATH,018,AUDI,100,200,100.0,Define,2/10/2006 9:00:37 PM,,N,True
179550,2/6/2006 4:25:00 PM,2740 N ELSTON,6723802,IL,PAS,0940060,PARK/STAND ON BICYCLE PATH,014,FORD,100,200,244.0,Notice,2/15/2006 10:32:00 PM,DLS,N,True
182532,2/10/2006 10:12:00 AM,1650 N WELLS,1698780,IL,PAS,0940060,PARK/STAND ON BICYCLE PATH,0498,TOYT,100,200,0.0,Paid,2/21/2006 9:20:09 PM,,N,True
182588,2/10/2006 2:20:00 PM,3545 N SOUTHPORT,59856PV,IL,PAS,0940060,PARK/STAND ON BICYCLE PATH,0498,ACUR,100,200,100.0,Define,2/14/2006 9:00:38 PM,,N,True
188813,2/7/2006 7:27:00 PM,1614 N WELLS,914TX,IL,TXI,0940060,PARK/STAND ON BICYCLE PATH,018,FORD,100,200,244.0,Notice,2/22/2006 10:32:01 PM,SEIZ,N,True
190260,2/14/2006 1:45:00 PM,1444 N WELLS,6508368,IL,PAS,0940060,PARK/STAND ON BICYCLE PATH,0498,HOND,100,200,0.0,Paid,3/6/2006 6:36:30 PM,VIOL,N,True
191736,2/11/2006 2:18:00 AM,5861 W KENMORE,6337671,IL,PAS,0940060,PARK/STAND ON BICYCLE PATH,020,VOLK,100,200,0.0,Paid,1/13/2012 12:34:10 PM,DLS,N,True
194558,2/9/2006 10:35:00 AM,2325 W WARREN BLVD,878F208,IL,TMP,0940060,PARK/STAND ON BICYCLE PATH,013,OLDS,100,200,244.0,Notice,2/22/2006 10:32:01 PM,DLS,N,True
211890,2/17/2006 9:35:00 AM,1650 N WELLS,4222533,IL,PAS,0940060,PARK/STAND ON BICYCLE PATH,0498,FORD,100,200,0.0,Paid,7/10/2006 12:26:35 AM,FINL,Y,True
216141,2/13/2006 11:18:00 AM,1616 N WELLS,5861310,IL,PAS,0940060,PARK/STAND ON BICYCLE PATH,018,LEXU,100,200,0.0,Paid,11/6/2007 11:43:09 AM,DLS,N,True
234759,2/21/2006 8:10:00 PM,5201 N SIMONDS DR,475JTF,WI,PAS,0940060,PARK/STAND ON BICYCLE PATH,020,TOYT,100,200,0.0,Paid,4/18/2006 9:15:09 PM,DETR,N,True
238974,2/24/2006 9:57:00 AM,1750 N WELLS,9614309,IL,PAS,0940060,PARK/STAND ON BICYCLE PATH,0498,HYUN,100,200,0.0,Paid,3/10/2006 9:13:19 PM,,N,True
241323,2/3/2006 4:08:00 PM,1748 N WELLS,1243332,IL,PAS,0940060,PARK/STAND ON BICYCLE PATH,216,DODG,100,200,0.0,Paid,3/7/2006 10:47:49 AM,VIOL,N,True
252651,2/22/2006 1:25:00 PM,1405 N WELLS,7031837,IL,PAS,0940060,PARK/STAND ON BICYCLE PATH,018,MERZ,100,200,0.0,Paid,3/22/2006 9:11:20 PM,VIOL,N,True
257050,2/21/2006 1:00:00 PM,5655 N ELSTON,7429772,IL,PAS,0940060,PARK/STAND ON BICYCLE PATH,016,CHEV,100,200,0.0,Paid,6/10/2006 11:05:27 AM,FINL,Y,True
259943,3/1/2006 11:41:00 AM,1241 S WABASH AV,7760233,IL,PAS,0940060,PARK/STAND ON BICYCLE PATH,0498,TOYT,100,200,0.0,Paid,3/8/2006 9:14:03 PM,,N,True
261116,3/1/2006 9:59:00 AM,1746 N WELLS,6063200,IL,PAS,0940060,PARK/STAND ON BICYCLE PATH,0498,MERC,100,200,0.0,Paid,6/16/2006 5:15:20 PM,DETR,Y,True
261173,3/1/2006 11:40:00 AM,666 N WELLS,6030446,IL,PAS,0940060,PARK/STAND ON BICYCLE PATH,0498,FORD,100,200,0.0,Paid,3/14/2006 10:03:28 PM,VIOL,N,True
264340,2/22/2006 7:10:00 PM,1241 S WABASH,4496899,IL,PAS,0940060,PARK/STAND ON BICYCLE PATH,001,JEEP,100,200,0.0,Paid,6/26/2006 1:29:17 PM,SEIZ,Y,True
267172,3/2/2006 6:02:00 PM,3540 N SOUTHPORT,B383714,IL,PAS,0940060,PARK/STAND ON BICYCLE PATH,0498,SUBA,100,200,0.0,Paid,3/14/2006 9:11:16 PM,VIOL,N,True
274870,3/3/2006 9:12:00 AM,909 W WASHINGTON BLVD,36163FB,IL,TRK,0940060,PARK/STAND ON BICYCLE PATH,0498,CHEV,100,200,0.0,Paid,3/7/2006 9:28:30 PM,,N,True
293508,3/3/2006 12:45:00 PM,1231 S WABASG,99046EB,IL,TRK,0940060,PARK/STAND ON BICYCLE PATH,001,GMC,100,200,0.0,Paid,7/6/2007 8:32:06 AM,SEIZ,N,True
303468,2/24/2006 4:40:00 PM,1548 N WELLS,375MES,AZ,PAS,0940060,PARK/STAND ON BICYCLE PATH,216,CHEV,100,200,0.0,Paid,12/14/2007 12:16:52 PM,VIOL,N,True
310388,2/2/2006 1:07:00 AM,2274 N LINCOLN,6552987,IL,PAS,0940060,PARK/STAND ON BICYCLE PATH,018,FORD,100,200,244.0,Notice,3/22/2006 10:37:31 PM,FINL,N,True
314713,3/13/2006 10:24:00 AM,6332 N WINTHROP,7654125,IL,PAS,0940060,PARK/STAND ON BICYCLE PATH,0498,HOND,100,200,0.0,Paid,3/22/2006 9:17:08 PM,,N,True
314714,3/13/2006 10:56:00 AM,6002 N WINTHROP,9770004,IL,PAS,0940060,PARK/STAND ON BICYCLE PATH,0498,FORD,100,200,0.0,Paid,3/20/2006 5:09:43 PM,,N,True
315543,3/14/2006 10:33:00 AM,1650 N WELLS,1234354,IL,PAS,0940060,PARK/STAND ON BICYCLE PATH,0498,CHEV,100,200,0.0,Paid,4/18/2006 9:10:41 PM,DETR,N,True
320750,3/7/2006 9:22:00 AM,1007 W ARMITAGE,7373CD,IL,MAM,0940060,PARK/STAND ON BICYCLE PATH,018,OTHR,100,200,0.0,Paid,3/16/2006 9:14:55 PM,,N,True
328206,3/12/2006 6:24:00 PM,4910 S DREXEL,7815129,IL,PAS,0940060,PARK/STAND ON BICYCLE PATH,021,FORD,100,200,0.0,Paid,8/5/2006 9:39:27 AM,DETR,N,True
337204,3/12/2006 8:29:00 AM,1623 N HALSTED,472NXT,IA,PAS,0940060,PARK/STAND ON BICYCLE PATH,018,FORD,100,200,0.0,Paid,3/20/2006 9:20:41 PM,,N,True
350823,3/15/2006 6:45:00 PM,1407 N WELLS,9812922,IL,PAS,0940060,PARK/STAND ON BICYCLE PATH,018,MITS,100,200,0.0,Paid,4/12/2006 9:16:03 PM,VIOL,N,True
353155,2/21/2006 5:45:00 PM,235 W 83RD ST,3653220,IL,PAS,0940060,PARK/STAND ON BICYCLE PATH,006,FORD,100,200,0.0,Paid,4/18/2006 9:13:10 PM,VIOL,N,True
361330,3/22/2006 10:26:00 AM,845 W WASHINGTON BLVD,4866TX,IL,TXI,0940060,PARK/STAND ON BICYCLE PATH,0498,FORD,100,200,0.0,Dismissed,5/2/2006 11:16:52 AM,VIOL,Y,True
361797,3/22/2006 9:57:00 AM,6124 N WINTHROP,3715031,IL,PAS,0940060,PARK/STAND ON BICYCLE PATH,0498,JEEP,100,200,0.0,Dismissed,5/19/2006 2:59:03 PM,VIOL,Y,True
364497,3/19/2006 12:50:00 PM,3310 W MARQUETTE ROAD,9105158,IL,PAS,0940060,PARK/STAND ON BICYCLE PATH,008,JAGU,100,200,0.0,Paid,4/18/2006 11:01:04 AM,VIOL,N,True
366677,3/23/2006 9:52:00 AM,1233 S WABASH AV,1816TX,IL,TXI,0940060,PARK/STAND ON BICYCLE PATH,0498,FORD,100,200,0.0,Paid,5/31/2006 11:31:27 AM,DETR,Y,True
374587,3/19/2006 1:50:00 AM,4612 N KEDZIE,8534581,IL,PAS,0940060,PARK/STAND ON BICYCLE PATH,017,MITS,100,200,0.0,Dismissed,7/11/2006 11:02:49 AM,DETR,Y,True
374589,3/19/2006 1:50:00 AM,4614  KEDZIE,6599293,IL,PAS,0940060,PARK/STAND ON BICYCLE PATH,017,MITS,100,200,0.0,Paid,4/14/2006 4:26:28 PM,VIOL,N,True
375379,3/19/2006 6:00:00 PM,7357 S SOUTH SHORE DR,6410938,IL,PAS,0940060,PARK/STAND ON BICYCLE PATH,003,CHEV,100,200,244.0,Notice,6/16/2006 7:00:51 PM,FINL,N,True
376787,3/20/2006 8:03:00 AM,3325 W MARQUETTE ROAD,9105158,IL,PAS,0940060,PARK/STAND ON BICYCLE PATH,008,JAGU,100,200,0.0,Paid,4/18/2006 11:01:04 AM,VIOL,N,True
376788,3/20/2006 8:05:00 AM,3239 W MARQUETTE ROAD,DL2215AC,IL,DLC,0940060,PARK/STAND ON BICYCLE PATH,008,MERC,100,200,100.0,Define,3/28/2006 9:00:34 PM,,N,True
378642,3/21/2006 3:50:00 PM,1721 W DIVISION,DL1932,IL,PAS,0940060,PARK/STAND ON BICYCLE PATH,013,CHEV,100,200,100.0,Define,3/28/2006 9:00:34 PM,,N,True
385236,3/21/2006 4:03:00 PM,4825 S DREXEL,7130984,IL,PAS,0940060,PARK/STAND ON BICYCLE PATH,021,DODG,100,200,0.0,Paid,5/30/2006 8:29:01 AM,DETR,Y,True
385240,3/21/2006 9:32:00 PM,4821 S DREXEL,240G773,IL,TMP,0940060,PARK/STAND ON BICYCLE PATH,021,DODG,100,200,0.0,Paid,2/6/2009 6:05:12 PM,SEIZ,N,True
385243,3/21/2006 10:13:00 PM,4829 S DREXEL,9871971,IL,PAS,0940060,PARK/STAND ON BICYCLE PATH,021,OLDS,100,200,0.0,Paid,12/24/2015 12:57:04 PM,DLS,N,True
393750,3/25/2006 7:46:00 PM,4659 S DREXEL,9874710,IL,PAS,0940060,PARK/STAND ON BICYCLE PATH,021,PONT,100,200,175.0,Notice,4/5/2006 10:38:17 PM,SEIZ,N,True
393751,3/25/2006 3:47:00 PM,4657 S DREXEL,9654007,IL,PAS,0940060,PARK/STAND ON BICYCLE PATH,021,NISS,100,200,0.0,Dismissed,5/1/2006 4:29:23 PM,VIOL,Y,True
393752,3/25/2006 7:49:00 PM,4613 S DREXEL,3613196,IL,PAS,0940060,PARK/STAND ON BICYCLE PATH,021,OLDS,100,200,0.0,Dismissed,9/26/2006 10:31:15 AM,SEIZ,N,True
393755,3/25/2006 10:39:00 PM,4825 S DREXEL,7628930,IL,PAS,0940060,PARK/STAND ON BICYCLE PATH,021,FORD,100,200,200.0,Notice,2/13/2014 11:53:25 AM,SEIZ,Y,True
398507,3/29/2006 2:36:00 PM,2046 N HALSTED ST,D794730,IL,PAS,0940060,PARK/STAND ON BICYCLE PATH,0498,VOLV,100,200,0.0,Paid,4/23/2006 8:25:07 PM,VIOL,N,True
417183,4/1/2006 9:51:00 AM,2437 N CLARK,6411LZB,IL,TRK,0940060,PARK/STAND ON BICYCLE PATH,0498,DODG,100,200,0.0,Paid,5/5/2006 9:11:40 PM,VIOL,N,True
424809,3/29/2006 6:40:00 AM,1551 N WELLS,9115307,IL,PAS,0940060,PARK/STAND ON BICYCLE PATH,018,AUDI,100,200,0.0,Paid,4/5/2006 9:22:17 PM,,N,True
435241,4/5/2006 1:37:00 PM,1829 N MILWAUKEE,9877062,IL,PAS,0940060,PARK/STAND ON BICYCLE PATH,0498,MERZ,100,200,0.0,Paid,6/8/2006 1:31:08 PM,DETR,Y,True
439864,4/3/2006 5:20:00 PM,442 S DREXEL,7879863,IL,PAS,0940060,PARK/STAND ON BICYCLE PATH,021,MERZ,100,200,0.0,Paid,12/8/2010 9:29:01 PM,FINL,N,True
452850,4/5/2006 9:50:00 PM,3131 N CLARK,3328TX,IL,TXI,0940060,PARK/STAND ON BICYCLE PATH,023,FORD,100,200,0.0,Dismissed,6/1/2006 2:10:29 PM,VIOL,Y,True
465511,4/11/2006 10:31:00 AM,31 N CANAL,81998H,IL,TRK,0940060,PARK/STAND ON BICYCLE PATH,0498,INTL,100,200,244.0,Notice,4/19/2006 10:39:45 PM,SEIZ,N,True
466822,4/7/2006 9:53:00 AM,1710 N WELLS,111G680,IL,TMP,0940060,PARK/STAND ON BICYCLE PATH,0498,VOLV,100,200,0.0,Paid,4/12/2006 9:23:27 PM,,N,True
468388,4/5/2006 9:34:00 PM,4722 S DREXEL,9870266,IL,PAS,0940060,PARK/STAND ON BICYCLE PATH,021,FORD,100,200,0.0,Paid,10/3/2006 4:48:11 PM,SEIZ,N,True
468389,4/5/2006 9:34:00 PM,4728 S DREXEL,7632282,IL,PAS,0940060,PARK/STAND ON BICYCLE PATH,021,JEEP,100,200,0.0,Paid,8/17/2006 9:19:08 PM,DETR,Y,True
468391,4/5/2006 9:06:00 PM,4917 S DREXEL,2306756,IL,TMP,0940060,PARK/STAND ON BICYCLE PATH,021,LINC,100,200,100.0,Define,4/13/2006 9:00:38 PM,,N,True
468393,4/5/2006 9:46:00 PM,4905 S DREXEL,4480816,IL,PAS,0940060,PARK/STAND ON BICYCLE PATH,021,OLDS,100,200,0.0,Paid,3/21/2008 10:40:06 AM,FINL,N,True
468396,4/5/2006 9:24:00 PM,4536 S DREXEL,7760693,IL,PAS,0940060,PARK/STAND ON BICYCLE PATH,021,CHEV,100,200,0.0,Paid,4/11/2008 11:25:08 AM,SEIZ,N,True
468397,4/5/2006 9:28:00 PM,4826 S DREXEL,45P8048,IN,PAS,0940060,PARK/STAND ON BICYCLE PATH,021,CHRY,100,200,100.0,Define,4/13/2006 9:00:38 PM,,N,True
468399,4/5/2006 9:33:00 PM,4720 S DREXEL,958F918,IL,TMP,0940060,PARK/STAND ON BICYCLE PATH,021,DODG,100,200,0.0,Paid,9/12/2006 9:08:53 AM,SEIZ,N,True
472060,4/12/2006 9:03:00 AM,909 W JACKSON BOULEVARD,Z36362,IL,PAS,0940060,PARK/STAND ON BICYCLE PATH,0498,SATR,100,200,0.0,Paid,5/3/2006 9:16:24 PM,VIOL,N,True
478546,4/5/2006 4:16:00 PM,936 W ARMITAGE,6760537,IL,PAS,0940060,PARK/STAND ON BICYCLE PATH,018,VOLV,100,200,0.0,Paid,4/18/2006 10:26:57 AM,,N,True
479289,4/13/2006 12:51:00 PM,448 N WELLS ST,F819823,IL,PAS,0940060,PARK/STAND ON BICYCLE PATH,0498,AUDI,100,200,0.0,Paid,5/1/2006 9:12:59 PM,VIOL,N,True
491520,4/14/2006 10:37:00 AM,12 N CANAL,227739D,IL,TRK,0940060,PARK/STAND ON BICYCLE PATH,0498,CHEV,100,200,0.0,Paid,5/16/2006 5:19:16 PM,VIOL,N,True
495508,4/11/2006 4:38:00 PM,4617 S DREXEL D,7654153,IL,PAS,0940060,PARK/STAND ON BICYCLE PATH,021,NISS,100,200,244.0,Notice,4/19/2006 10:39:45 PM,SEIZ,N,True
495515,4/11/2006 6:48:00 PM,6021 S DREXEL,5331975,IL,PAS,0940060,PARK/STAND ON BICYCLE PATH,021,OTHR,100,200,0.0,Dismissed,5/31/2006 10:04:12 AM,VIOL,Y,True
495516,4/11/2006 6:48:00 PM,5017 S DREXEL,4801045,IL,PAS,0940060,PARK/STAND ON BICYCLE PATH,021,CHEV,100,200,0.0,Dismissed,6/14/2006 9:44:25 AM,VIOL,Y,True
497607,4/14/2006 9:50:00 AM,903 W WASHINGTON BLVD,3931TX,IL,TXI,0940060,PARK/STAND ON BICYCLE PATH,0498,FORD,100,200,0.0,Paid,6/30/2006 4:29:10 PM,FINL,N,True
508153,4/13/2006 8:11:00 PM,4657 S DREXEL,2363344,IL,PAS,0940060,PARK/STAND ON BICYCLE PATH,021,CHEV,100,200,100.0,Define,4/20/2006 9:00:40 PM,,N,True
510905,4/19/2006 11:44:00 AM,1510 N WELLS,64J834,IN,PAS,0940060,PARK/STAND ON BICYCLE PATH,0498,MERZ,100,200,0.0,Paid,4/25/2006 9:16:34 PM,,N,True
520267,4/7/2006 3:30:00 PM,1403 N WELLS,7031837,IL,PAS,0940060,PARK/STAND ON BICYCLE PATH,216,MERZ,100,200,0.0,Paid,6/19/2006 8:56:53 PM,FINL,N,True
538311,4/12/2006 11:39:00 PM,6439  DAMEN,6420194,IL,PAS,0940060,PARK/STAND ON BICYCLE PATH,007,DODG,100,200,244.0,Notice,5/3/2006 10:30:49 PM,DLS,N,True
543292,4/25/2006 1:07:00 PM,1645 N WELLS,9901655,IL,PAS,0940060,PARK/STAND ON BICYCLE PATH,0498,SUZI,100,200,0.0,Dismissed,6/14/2006 12:11:37 PM,,Y,True
546065,4/22/2006 11:30:00 PM,2451 N HALSTED,1291TX,IL,TXI,0940060,PARK/STAND ON BICYCLE PATH,019,FORD,100,200,0.0,Paid,5/30/2006 4:06:58 PM,,N,True
546066,4/27/2006 12:30:00 AM,2540 N HALSTED,1957TX,IL,TXI,0940060,PARK/STAND ON BICYCLE PATH,019,FORD,100,200,0.0,Dismissed,6/13/2006 11:55:39 AM,VIOL,Y,True
546534,4/21/2006 3:55:00 PM,1407 N WELLS,7031837,IL,PAS,0940060,PARK/STAND ON BICYCLE PATH,216,MERC,100,200,0.0,Paid,6/19/2006 8:56:53 PM,DETR,N,True
551988,4/21/2006 10:37:00 AM,19 N CANAL,175312D,IL,TRK,0940060,PARK/STAND ON BICYCLE PATH,0498,UNKN,100,200,0.0,Paid,5/17/2006 9:18:44 PM,VIOL,N,True
556741,4/23/2006 6:49:00 PM,4428 S DREXEL,8359219,IL,PAS,0940060,PARK/STAND ON BICYCLE PATH,021,FORD,100,200,0.0,Paid,1/22/2007 2:26:15 PM,FINL,N,True
560739,4/26/2006 11:46:00 AM,19 N CANAL,189006D,IL,TRK,0940060,PARK/STAND ON BICYCLE PATH,0498,UNKN,100,200,0.0,Paid,6/23/2006 9:54:40 AM,DETR,N,True
569219,4/28/2006 11:32:00 AM,21 N CANAL,2238ZNB,IL,TRK,0940060,PARK/STAND ON BICYCLE PATH,0498,FORD,100,200,100.0,Define,5/1/2006 9:00:35 PM,,N,True
569686,4/28/2006 11:28:00 AM,1529 N WELLS,5987045,IL,PAS,0940060,PARK/STAND ON BICYCLE PATH,0498,PONT,100,200,0.0,Paid,6/1/2006 12:31:19 PM,VIOL,N,True
580170,4/30/2006 11:11:00 AM,4215 W 26TH ST,8466628,IL,PAS,0940060,PARK/STAND ON BICYCLE PATH,010,GMC,100,200,0.0,Paid,5/26/2006 9:12:02 PM,VIOL,N,True
580173,4/30/2006 12:04:00 PM,4148 W 26TH ST,44G503,IL,TMP,0940060,PARK/STAND ON BICYCLE PATH,010,PONT,100,200,100.0,Define,5/3/2006 9:00:32 PM,,N,True
580175,4/30/2006 12:09:00 PM,4227 W 26TH ST,T881045,IL,PAS,0940060,PARK/STAND ON BICYCLE PATH,010,GMC,100,200,0.0,Paid,6/20/2006 9:16:52 PM,DETR,N,True
580459,4/24/2006 2:30:00 PM,2901 W LAWRENCE,UDM926,NJ,PAS,0940060,PARK/STAND ON BICYCLE PATH,017,TOYT,100,200,0.0,Dismissed,7/28/2006 3:00:20 AM,,N,True
601136,5/4/2006 10:19:00 AM,1209 N WELLS,8454273,IL,PAS,0940060,PARK/STAND ON BICYCLE PATH,0498,OLDS,100,200,0.0,Paid,5/15/2006 9:14:07 PM,VIOL,N,True
614285,5/3/2006 1:15:00 PM,540 N DEARBORN,35210H,IL,TRK,0940060,PARK/STAND ON BICYCLE PATH,018,CHEV,100,200,100.0,Define,5/9/2006 9:00:36 PM,,N,True
617650,5/3/2006 9:55:00 PM,2600 S LAKE SHORE DRIV,6579654,IL,PAS,0940060,PARK/STAND ON BICYCLE PATH,001,CHEV,100,200,0.0,Paid,1/4/2008 4:16:08 PM,SEIZ,N,True
619552,4/27/2006 10:00:00 PM,2854 N HALSTEAD,5192176,IL,PAS,0940060,PARK/STAND ON BICYCLE PATH,019,OLDS,100,200,0.0,Paid,6/5/2006 9:06:12 PM,VIOL,N,True
627772,3/6/2006 11:01:00 AM,34 W 83RD STREET,7374886,IL,PAS,0940060,PARK/STAND ON BICYCLE PATH,005,BUIC,100,200,244.0,Notice,5/17/2006 10:35:29 PM,SEIZ,N,True
637929,5/11/2006 9:27:00 AM,1243 S WABASH AV,1027576,IL,PAS,0940060,PARK/STAND ON BICYCLE PATH,0498,BMW,100,200,0.0,Paid,5/7/2007 10:20:07 PM,SEIZ,N,True
639396,4/22/2006 6:52:00 PM,7356 S SOUTH SHORE DR,223841D,IL,TRK,0940060,PARK/STAND ON BICYCLE PATH,003,FORD,100,200,0.0,Paid,7/3/2006 9:17:54 PM,DETR,N,True
641571,5/4/2006 5:31:00 PM,5007 S DREXEL,7257328,IL,PAS,0940060,PARK/STAND ON BICYCLE PATH,021,CHEV,100,200,0.0,Paid,7/24/2007 8:41:11 AM,FINL,Y,True
641573,5/8/2006 5:37:00 PM,4625 S DREXEL,6991272,IL,PAS,0940060,PARK/STAND ON BICYCLE PATH,021,DODG,100,200,0.0,Paid,5/21/2007 3:45:21 PM,FINL,N,True
641766,5/8/2006 5:42:00 PM,4520 S DREXEL,6380615,IL,PAS,0940060,PARK/STAND ON BICYCLE PATH,021,FORD,100,200,244.0,Notice,5/17/2006 10:35:29 PM,DLS,N,True
641767,5/8/2006 10:44:00 PM,741 E OAKWOOD,6455312,IL,PAS,0940060,PARK/STAND ON BICYCLE PATH,021,DODG,100,200,0.0,Paid,2/13/2008 12:01:23 PM,DLS,N,True
643924,5/6/2006 10:20:00 PM,6300 S HAYES,9647689,IL,PAS,0940060,PARK/STAND ON BICYCLE PATH,003,FORD,100,200,244.0,Notice,5/17/2006 10:35:29 PM,FINL,N,True
653301,5/12/2006 8:20:00 PM,1 E DIVISION,4335TX,IL,TXI,0940060,PARK/STAND ON BICYCLE PATH,018,FORD,100,200,244.0,Notice,5/17/2006 10:35:29 PM,DLS,N,True
653914,5/12/2006 9:59:00 AM,1243 S WABASH AV,6223658,IL,PAS,0940060,PARK/STAND ON BICYCLE PATH,0498,DODG,100,200,0.0,Paid,6/20/2006 9:23:04 PM,DETR,Y,True
681520,5/18/2006 9:54:00 AM,1700 N WELLS,D684526,IL,PAS,0940060,PARK/STAND ON BICYCLE PATH,0498,BMW,100,200,0.0,Paid,6/8/2006 9:17:46 PM,,N,True
688410,5/19/2006 10:32:00 AM,19 N CANAL,175319D,IL,TRK,0940060,PARK/STAND ON BICYCLE PATH,0498,UNKN,100,200,0.0,Paid,6/26/2006 9:19:01 PM,VIOL,N,True
688413,5/19/2006 11:54:00 AM,115 S CANAL,183673D,IL,TRK,0940060,PARK/STAND ON BICYCLE PATH,0498,ISU,100,200,0.0,Paid,6/1/2006 9:21:24 PM,,N,True
693400,5/22/2006 10:43:00 AM,3 N CANAL,189006D,IL,TRK,0940060,PARK/STAND ON BICYCLE PATH,0498,UNKN,100,200,0.0,Paid,3/4/2008 3:40:08 PM,SEIZ,N,True
695624,5/19/2006 4:00:00 PM,2548 W AUGUSTA,1432ED,IL,PAS,0940060,PARK/STAND ON BICYCLE PATH,013,FORD,100,200,0.0,Paid,6/9/2006 9:19:16 PM,,N,True
703629,5/20/2006 5:20:00 PM,4511 W 55TH ST,329G642,IL,TMP,0940060,PARK/STAND ON BICYCLE PATH,008,BUIC,100,200,0.0,Paid,2/8/2007 2:49:55 PM,VIOL,N,True
709927,5/24/2006 10:28:00 AM,3349 N SOUTHPORT,1000638,IL,PAS,0940060,PARK/STAND ON BICYCLE PATH,0498,INFI,100,200,0.0,Paid,7/16/2006 10:24:07 PM,DETR,N,True
725468,5/16/2006 4:45:00 PM,4030  ELSTON,7587602,IL,PAS,0940060,PARK/STAND ON BICYCLE PATH,017,OLDS,100,200,0.0,Paid,7/25/2006 11:59:57 AM,DETR,N,True
725469,5/16/2006 6:48:00 PM,4030 N ELSTON,2674TX,IL,TXI,0940060,PARK/STAND ON BICYCLE PATH,017,FORD,100,200,0.0,Dismissed,7/21/2006 2:35:48 PM,,Y,True
725470,5/16/2006 6:47:00 PM,4030 N ELSTON,9812131,IL,PAS,0940060,PARK/STAND ON BICYCLE PATH,017,SATR,100,200,0.0,Paid,6/28/2006 9:18:17 PM,DETR,Y,True
725471,5/16/2006 6:53:00 PM,4030 N ELSTON,T878903,IL,PAS,0940060,PARK/STAND ON BICYCLE PATH,017,MAZD,100,200,0.0,Paid,6/9/2006 9:20:49 PM,,N,True
732706,5/25/2006 9:01:00 PM,2228 N LINCOLN,4686TX,IL,TXI,0940060,PARK/STAND ON BICYCLE PATH,018,FORD,100,200,0.0,Paid,2/22/2010 9:18:23 PM,SEIZ,N,True
732711,5/26/2006 9:44:00 PM,1651 N WELLS,7533737,IL,PAS,0940060,PARK/STAND ON BICYCLE PATH,018,CHEV,100,200,0.0,Paid,9/11/2006 3:51:46 PM,FINL,N,True
733316,5/26/2006 3:40:00 PM,1531 N WELLS,9051592,IL,PAS,0940060,PARK/STAND ON BICYCLE PATH,018,PORS,100,200,0.0,Paid,4/24/2007 11:18:11 AM,SEIZ,N,True
734556,5/27/2006 11:06:00 PM,3901  LAKE SHORE DR,7992386,IL,PAS,0940060,PARK/STAND ON BICYCLE PATH,021,HOND,100,200,0.0,Paid,6/16/2006 5:46:56 PM,VIOL,N,True
735446,5/26/2006 10:14:00 AM,845 W WASHINGTON BLVD,4313TX,IL,TXI,0940060,PARK/STAND ON BICYCLE PATH,0498,FORD,100,200,0.0,Dismissed,7/10/2006 11:10:15 AM,,Y,True
739684,5/26/2006 4:35:00 PM,1235 S WABASH,3182TX,IL,TXI,0940060,PARK/STAND ON BICYCLE PATH,001,CHEV,100,200,0.0,Paid,8/18/2006 10:27:08 AM,DETR,N,True
740827,5/30/2006 1:18:00 AM,2249 N LINCOLN,2115777,IL,PAS,0940060,PARK/STAND ON BICYCLE PATH,018,FORD,100,200,244.0,Notice,6/7/2006 10:34:39 PM,DLS,N,True
746903,5/30/2006 10:20:00 PM,3728 N SOUTHPORT,5704TX,IL,TXI,0940060,PARK/STAND ON BICYCLE PATH,019,FORD,100,200,0.0,Paid,2/26/2007 1:23:12 PM,FINL,N,True
755495,5/30/2006 11:40:00 PM,4408 S DREXEL,9177162,IL,PAS,0940060,PARK/STAND ON BICYCLE PATH,021,CHEV,100,200,0.0,Paid,4/3/2008 9:13:13 AM,SEIZ,N,True
757528,5/30/2006 4:30:00 PM,1728 W AUGUSTA,8342714,IL,PAS,0940060,PARK/STAND ON BICYCLE PATH,013,CADI,100,200,0.0,Paid,6/12/2006 9:20:40 PM,VIOL,N,True
758509,6/5/2006 10:07:00 AM,1405 N WELLS,6731643,IL,PAS,0940060,PARK/STAND ON BICYCLE PATH,0498,AUDI,100,200,0.0,Paid,7/24/2006 4:44:02 PM,DETR,N,True
761103,6/2/2006 3:00:00 PM,5019 S DREXEL,69972,IL,OTH,0940060,PARK/STAND ON BICYCLE PATH,021,MERC,100,200,100.0,Define,6/7/2006 9:03:48 PM,,N,True
777624,6/3/2006 6:05:00 PM,4001 S LAKE SHORE DR,6948579,IL,PAS,0940060,PARK/STAND ON BICYCLE PATH,021,SATR,100,200,244.0,Notice,6/14/2006 11:43:46 PM,SEIZ,N,True
777625,6/3/2006 10:15:00 PM,3959 S LAKE SHORE DR,188G784,IL,TMP,0940060,PARK/STAND ON BICYCLE PATH,021,CHEV,100,200,0.0,Paid,7/11/2006 9:15:06 PM,DETR,N,True
779510,6/5/2006 6:40:00 PM,3901 S LAKE SHORE DR,8175232,IL,PAS,0940060,PARK/STAND ON BICYCLE PATH,021,HYUN,100,200,0.0,Paid,6/15/2006 9:21:16 PM,,N,True
785174,6/6/2006 4:20:00 PM,21 W MADISON,C30137,IL,MCY,0940060,PARK/STAND ON BICYCLE PATH,152,YAMA,100,200,0.0,Dismissed,8/28/2006 3:00:13 AM,,N,True
787655,6/6/2006 7:59:00 PM,1600 N LAKE SHORE DR,896F208,IL,TMP,0940060,PARK/STAND ON BICYCLE PATH,018,DODG,100,200,0.0,Paid,7/7/2006 9:20:17 PM,VIOL,N,True
792508,6/7/2006 8:34:00 PM,4532 S DREXEL,1285455,IL,PAS,0940060,PARK/STAND ON BICYCLE PATH,021,FORD,100,200,0.0,Paid,9/4/2007 3:11:14 PM,SEIZ,N,True
792510,6/7/2006 9:58:00 PM,4825  DREXEL,9830546,IL,PAS,0940060,PARK/STAND ON BICYCLE PATH,021,BUIC,100,200,0.0,Dismissed,7/20/2006 12:04:04 PM,VIOL,Y,True
794413,6/8/2006 5:38:00 PM,1911 N LINCOLN,1214897,IL,PAS,0940060,PARK/STAND ON BICYCLE PATH,018,HOND,100,200,0.0,Paid,8/27/2006 3:48:03 PM,DETR,Y,True
795500,6/3/2006 12:39:00 PM,1715 N WELLS,ITALIA6,IL,PAS,0940060,PARK/STAND ON BICYCLE PATH,018,MITS,100,200,0.0,Paid,6/29/2006 9:13:45 PM,VIOL,N,True
795871,6/4/2006 9:17:00 PM,6550 S DAMEN,9091901,IL,PAS,0940060,PARK/STAND ON BICYCLE PATH,007,DODG,100,200,0.0,Paid,3/10/2008 10:51:44 AM,DETR,N,True
795904,6/7/2006 6:31:00 AM,1227 W 6700 STREET,162F745,IL,TMP,0940060,PARK/STAND ON BICYCLE PATH,007,CHEV,100,200,244.0,Notice,6/15/2006 12:13:47 AM,SEIZ,N,True
806766,6/8/2006 5:55:00 PM,4821 S DREXEL,7365892,IL,PAS,0940060,PARK/STAND ON BICYCLE PATH,021,NISS,100,200,244.0,Notice,6/21/2006 11:58:26 PM,SEIZ,N,True
808534,6/13/2006 10:32:00 AM,17 N CANAL,964453,IN,APP,0940060,PARK/STAND ON BICYCLE PATH,0498,INTL,100,200,0.0,Paid,6/27/2006 9:21:40 PM,,N,True
812740,6/10/2006 3:36:00 PM,4225 W 26ST,2756903,IL,PAS,0940060,PARK/STAND ON BICYCLE PATH,010,PONT,100,200,0.0,Paid,6/17/2006 10:42:32 AM,,N,True
814229,6/10/2006 8:03:00 PM,4905 S DREXEL,1342096,IL,PAS,0940060,PARK/STAND ON BICYCLE PATH,021,DODG,100,200,0.0,Paid,8/23/2006 1:39:53 PM,SEIZ,N,True
816615,6/14/2006 10:12:00 AM,6011 N KENMORE,9151665,IL,PAS,0940060,PARK/STAND ON BICYCLE PATH,0498,NISS,100,200,0.0,Paid,2/2/2007 11:25:34 AM,FINL,N,True
819341,6/9/2006 10:52:00 AM,1837 N HALSTED,T650231,IL,PAS,0940060,PARK/STAND ON BICYCLE PATH,018,BMW,100,200,0.0,Paid,8/30/2006 9:17:19 PM,SEIZ,N,True
823460,6/13/2006 8:55:00 AM,3636 W DIVERSEY,20787HB,IL,PAS,0940060,PARK/STAND ON BICYCLE PATH,0498,CHEV,100,200,100.0,Define,6/16/2006 9:09:46 PM,,N,True
837697,6/16/2006 11:08:00 PM,1671 N ELSTON,9842857,IL,PAS,0940060,PARK/STAND ON BICYCLE PATH,014,HUMM,100,200,0.0,Paid,11/15/2006 9:16:18 PM,FINL,N,True
843701,6/15/2006 7:58:00 AM,3441 W MARQUETTE ROAD,673G950,IL,TMP,0940060,PARK/STAND ON BICYCLE PATH,008,CHEV,100,200,0.0,Paid,7/3/2006 8:24:40 AM,VIOL,N,True
844334,6/7/2006 11:30:00 PM,8122 S SHORE DR,96P6729,IN,PAS,0940060,PARK/STAND ON BICYCLE PATH,004,LINC,100,200,0.0,Paid,2/2/2016 3:09:03 PM,SEIZ,N,True
844852,6/15/2006 4:30:00 PM,3900 S LAKE SHORE DR,3081058,IL,PAS,0940060,PARK/STAND ON BICYCLE PATH,021,OLDS,100,200,0.0,Dismissed,8/28/2006 3:00:13 AM,,N,True
844869,6/14/2006 7:17:00 PM,4537 S DREXEL,7441906,IL,PAS,0940060,PARK/STAND ON BICYCLE PATH,021,TOYT,100,200,0.0,Paid,7/6/2007 11:59:07 AM,FINL,N,True
844872,6/14/2006 8:48:00 PM,4554 S DREXEL,9849179,IL,PAS,0940060,PARK/STAND ON BICYCLE PATH,021,PONT,100,200,0.0,Paid,1/9/2007 11:47:32 AM,SEIZ,N,True
844878,6/5/2006 5:58:00 PM,4821 S DREXEL,6606090,IL,PAS,0940060,PARK/STAND ON BICYCLE PATH,021,CHEV,100,200,0.0,Paid,9/12/2006 9:37:43 AM,DETR,Y,True
844933,6/16/2006 7:24:00 PM,4716 S DREXEL,155G575,IL,TMP,0940060,PARK/STAND ON BICYCLE PATH,021,FORD,100,200,0.0,Paid,11/27/2008 9:00:14 AM,SEIZ,N,True
844934,6/16/2006 7:25:00 PM,4916 S DREXEL,7636189,IL,PAS,0940060,PARK/STAND ON BICYCLE PATH,021,TOYT,100,200,0.0,Dismissed,8/30/2006 10:57:21 AM,VIOL,Y,True
852323,6/19/2006 5:30:00 PM,1749 N WELLS,B448223,IL,PAS,0940060,PARK/STAND ON BICYCLE PATH,018,MERZ,100,200,50.0,Notice,6/28/2006 11:21:30 PM,,N,True
859494,6/15/2006 11:25:00 PM,8224 S SOUTH SHORE DR,199G427,IL,TMP,0940060,PARK/STAND ON BICYCLE PATH,004,BUIC,100,200,244.0,Notice,6/28/2006 11:34:37 PM,SEIZ,N,True
861733,6/22/2006 11:49:00 AM,608 W FULTON ST,8492352,IL,PAS,0940060,PARK/STAND ON BICYCLE PATH,0498,FORD,100,200,0.0,Paid,5/14/2007 8:28:09 AM,FINL,N,True
875583,6/26/2006 11:34:00 AM,1407 N WELLS,6731643,IL,PAS,0940060,PARK/STAND ON BICYCLE PATH,0498,AUDI,100,200,0.0,Paid,7/25/2006 4:19:30 PM,VIOL,N,True
881024,6/15/2006 6:00:00 PM,7701 S SHORE DR,4779331,IL,PAS,0940060,PARK/STAND ON BICYCLE PATH,004,PLYM,100,200,244.0,Notice,7/7/2006 10:11:43 PM,SEIZ,N,True
889062,6/28/2006 10:11:00 AM,845 W WASHINGTON BLVD,111395TW,IL,TOW,0940060,PARK/STAND ON BICYCLE PATH,0498,OTHR,100,200,244.0,Notice,7/7/2006 10:28:12 PM,FINL,N,True
890146,6/28/2006 11:26:00 AM,1405 N WELLS,6731643,IL,PAS,0940060,PARK/STAND ON BICYCLE PATH,0498,AUDI,100,200,0.0,Paid,7/25/2006 4:19:30 PM,VIOL,N,True
890153,6/28/2006 1:08:00 PM,1650 N WELLS,7037611,IL,PAS,0940060,PARK/STAND ON BICYCLE PATH,0498,MERZ,100,200,0.0,Paid,7/15/2006 11:24:22 AM,VIOL,N,True
900281,6/26/2006 8:39:00 AM,3421 W MARQUETTE ROAD,6294742,IL,PAS,0940060,PARK/STAND ON BICYCLE PATH,008,CHEV,100,200,100.0,Define,7/3/2006 9:04:35 PM,,N,True
900428,6/26/2006 4:13:00 PM,5531 S LAKE SHORE DR,34490DB,IL,TRK,0940060,PARK/STAND ON BICYCLE PATH,003,FORD,100,200,0.0,Dismissed,9/7/2006 10:19:49 AM,DETR,Y,True
901154,6/27/2006 5:30:00 PM,1904 W DIVISION,3278882,IL,PAS,0940060,PARK/STAND ON BICYCLE PATH,013,CHEV,100,200,100.0,Define,7/3/2006 9:05:35 PM,,N,True
903087,7/1/2006 10:44:00 AM,1712 N WELLS,9887282,IL,PAS,0940060,PARK/STAND ON BICYCLE PATH,0498,AUDI,100,200,0.0,Paid,8/18/2006 9:16:43 PM,DETR,N,True
905323,6/25/2006 10:40:00 AM,900 S COLUMBUS,ACH6237,NY,PAS,0940060,PARK/STAND ON BICYCLE PATH,001,ACUR,100,200,100.0,Define,7/5/2006 9:01:57 PM,,N,True
905324,6/25/2006 10:45:00 AM,900 S COLUMBUS,42330G,IL,TRK,0940060,PARK/STAND ON BICYCLE PATH,001,DODG,100,200,100.0,Define,7/5/2006 9:01:57 PM,,N,True
905325,6/25/2006 10:45:00 AM,900 S COLUMBUS-,5983940,IL,PAS,0940060,PARK/STAND ON BICYCLE PATH,001,FORD,100,200,0.0,Paid,7/21/2006 9:18:55 PM,VIOL,N,True
905326,6/25/2006 10:45:00 AM,900 S COLUMBUS,6582137,IL,PAS,0940060,PARK/STAND ON BICYCLE PATH,001,CHRY,100,200,0.0,Paid,7/31/2006 11:03:14 AM,DETR,N,True
905327,6/25/2006 10:45:00 AM,900 S COLUMBUS,NUMBAJD,IL,PAS,0940060,PARK/STAND ON BICYCLE PATH,001,FORD,100,200,0.0,Paid,7/11/2006 11:32:57 AM,VIOL,N,True
906326,6/8/2006 5:30:00 PM,1538 N WELLS,T429835,IL,PAS,0940060,PARK/STAND ON BICYCLE PATH,018,VOLV,100,200,0.0,Paid,8/4/2006 9:22:50 PM,DETR,N,True
909269,6/28/2006 5:50:00 PM,3901 S LAKE SHORE DR,VVZ700,IL,PAS,0940060,PARK/STAND ON BICYCLE PATH,021,VOLK,100,200,0.0,Paid,9/4/2006 4:34:36 AM,,N,True
914913,6/30/2006 10:59:00 PM,3901 S LAKE SHORE DR,12660HB,IL,TMP,0940060,PARK/STAND ON BICYCLE PATH,021,DODG,100,200,0.0,Paid,7/25/2006 1:37:17 PM,,N,True
917484,7/5/2006 1:43:00 PM,919 W WASHINGTON BLVD,2925408,IL,PAS,0940060,PARK/STAND ON BICYCLE PATH,0498,LEXU,100,200,0.0,Paid,7/14/2006 9:09:16 PM,,N,True
921006,6/30/2006 2:04:00 PM,4539 N ELSTON,8476474,IL,PAS,0940060,PARK/STAND ON BICYCLE PATH,016,CADI,100,200,0.0,Paid,2/6/2007 11:33:33 AM,SEIZ,N,True
923129,7/1/2006 8:00:00 PM,4400 S DREXEL BLVD,94N4719,IN,PAS,0940060,PARK/STAND ON BICYCLE PATH,021,OLDS,100,200,244.0,Notice,9/28/2008 11:12:52 AM,SEIZ,N,True
923130,7/1/2006 8:05:00 PM,4740 S DREXEL BLVD,4542140,IL,PAS,0940060,PARK/STAND ON BICYCLE PATH,021,PONT,100,200,100.0,Define,7/7/2006 9:06:00 PM,,N,True
923181,7/2/2006 4:51:00 PM,3141 S LAKE SHORE,96A2989,IN,PAS,0940060,PARK/STAND ON BICYCLE PATH,021,PONT,100,200,100.0,Define,7/7/2006 9:06:04 PM,,N,True
923470,6/30/2006 10:27:00 AM,1647 N WELLS,Y478106,IL,PAS,0940060,PARK/STAND ON BICYCLE PATH,018,PORS,100,200,0.0,Paid,7/26/2006 1:30:18 PM,VIOL,N,True
924748,7/1/2006 7:35:00 PM,6011 N KENMORE,5826151,IL,PAS,0940060,PARK/STAND ON BICYCLE PATH,024,CHRY,100,200,0.0,Dismissed,9/1/2006 12:32:52 PM,VIOL,Y,True
931926,6/26/2006 7:20:00 PM,2250 N LINCOLN,409KZW,IA,PAS,0940060,PARK/STAND ON BICYCLE PATH,018,CHEV,100,200,0.0,Paid,6/22/2007 5:33:07 PM,VIOL,N,True
942833,7/1/2006 3:00:00 PM,5859 S CORNELL,9769749,IL,PAS,0940060,PARK/STAND ON BICYCLE PATH,003,MERC,100,200,0.0,Paid,8/15/2006 12:33:22 PM,,N,True
943743,5/30/2006 11:56:00 AM,919 W WASHINGTON,LYR120,IL,PAS,0940060,PARK/STAND ON BICYCLE PATH,012,BMW,100,200,-20.0,Paid,7/12/2006 10:29:05 PM,,N,True
943744,5/30/2006 11:58:00 AM,919 W WASHINGTON,4724TX,IL,TXI,0940060,PARK/STAND ON BICYCLE PATH,012,FORD,100,200,0.0,Paid,8/23/2006 10:20:53 AM,DETR,Y,True
943747,6/5/2006 9:24:00 AM,901 W WASHINGTON,14483144,IL,PAS,0940060,PARK/STAND ON BICYCLE PATH,012,MERZ,100,200,100.0,Define,7/12/2006 10:08:38 PM,,N,True
945997,7/7/2006 6:40:00 PM,3221 S LAKE SHORE DR,T456299,IL,PAS,0940060,PARK/STAND ON BICYCLE PATH,021,PONT,100,200,0.0,Paid,8/29/2006 3:50:02 PM,DETR,N,True
946139,7/5/2006 8:15:00 PM,3141 S LAKE SHORE DR,9873523,IL,PAS,0940060,PARK/STAND ON BICYCLE PATH,021,CHEV,100,200,0.0,Paid,1/15/2009 3:48:13 PM,,N,True
946846,6/27/2006 11:10:00 PM,7950 S SOUTH SHORE DR,DMJR2,IL,PAS,0940060,PARK/STAND ON BICYCLE PATH,004,TOYT,100,200,0.0,Paid,9/29/2006 5:07:47 PM,FINL,N,True
947006,6/22/2006 8:22:00 AM,901 N WASHINGTON,5282343,IL,PAS,0940060,PARK/STAND ON BICYCLE PATH,012,VOLV,100,200,0.0,Paid,11/17/2006 9:16:24 PM,FINL,Y,True
951605,7/6/2006 4:34:00 PM,239 E RANDOLPH,9891927,IL,PAS,0940060,PARK/STAND ON BICYCLE PATH,216,MAZD,100,200,0.0,Paid,7/24/2006 9:13:44 PM,VIOL,N,True
951783,7/9/2006 11:50:00 AM,750 S COLUMBUS,6712246,IL,PAS,0940060,PARK/STAND ON BICYCLE PATH,055,FORD,100,200,0.0,Paid,8/29/2007 11:09:14 AM,FINL,N,True
951784,7/9/2006 11:51:00 AM,750 S COLUMBUS,6340284,IL,PAS,0940060,PARK/STAND ON BICYCLE PATH,055,INFI,100,200,0.0,Paid,9/7/2006 10:31:53 PM,DETR,N,True
951787,7/9/2006 12:00:00 PM,750 S COLUMBUS,PBTCORP,IL,PAS,0940060,PARK/STAND ON BICYCLE PATH,055,GMC,100,200,0.0,Paid,7/22/2006 4:46:45 PM,VIOL,N,True
951788,7/9/2006 12:10:00 PM,751 S COLUMBUS,67A932,IL,MCY,0940060,PARK/STAND ON BICYCLE PATH,055,BMW,100,200,0.0,Dismissed,9/28/2006 3:00:17 AM,,N,True
951789,7/9/2006 12:11:00 PM,811 S COLUMBUS,ARTHUR,IL,PAS,0940060,PARK/STAND ON BICYCLE PATH,055,MAZD,100,200,0.0,Paid,7/14/2006 9:18:39 PM,,N,True
951790,7/9/2006 12:15:00 PM,851 S COLUMBUS,3900893,IL,PAS,0940060,PARK/STAND ON BICYCLE PATH,055,HOND,100,200,0.0,Dismissed,7/27/2006 2:39:11 PM,,Y,True
951791,7/9/2006 12:15:00 PM,901 S COLUMBUS,ZFOUR2,IL,PAS,0940060,PARK/STAND ON BICYCLE PATH,055,BMW,100,200,0.0,Paid,7/29/2011 5:49:20 PM,FINL,Y,True
953485,7/9/2006 8:09:00 PM,2222 N HALSTED,555AJZ,KY,PAS,0940060,PARK/STAND ON BICYCLE PATH,018,FORD,100,200,0.0,Paid,10/1/2006 7:05:02 PM,,N,True
953599,7/7/2006 12:13:00 PM,1407 N WELLS,6731643,IL,PAS,0940060,PARK/STAND ON BICYCLE PATH,018,AUDI,100,200,0.0,Paid,7/25/2006 4:19:30 PM,VIOL,N,True
965634,7/8/2006 10:42:00 PM,1220 S WABASH,8009889,IL,PAS,0940060,PARK/STAND ON BICYCLE PATH,001,JEEP,100,200,0.0,Paid,2/22/2007 4:41:41 PM,DETR,Y,True
970076,7/12/2006 7:17:00 PM,1601 N WELLS,9986010,IL,PAS,0940060,PARK/STAND ON BICYCLE PATH,018,INFI,100,200,0.0,Dismissed,7/29/2006 2:29:08 PM,VIOL,Y,True
974366,7/5/2006 6:01:00 PM,3233 S HALSTED ST,6718540,IL,PAS,0940060,PARK/STAND ON BICYCLE PATH,0502,CHEV,100,200,196.37,Notice,7/20/2006 12:04:18 AM,FINL,N,True
976863,7/8/2006 9:00:00 AM,6340 N WINTHROP,5394122,IL,PAS,0940060,PARK/STAND ON BICYCLE PATH,018,GEO,100,200,0.0,Dismissed,8/30/2006 3:18:14 PM,,Y,True
980743,7/18/2006 12:59:00 PM,1650 N WELLS,T638702,IL,PAS,0940060,PARK/STAND ON BICYCLE PATH,0498,LEXU,100,200,0.0,Paid,8/10/2006 9:14:32 PM,VIOL,N,True
982176,7/13/2006 9:38:00 PM,3228 N HALSTED ST,9661961,IL,PAS,0940060,PARK/STAND ON BICYCLE PATH,0502,DODG,100,200,0.0,Paid,2/10/2007 9:12:23 AM,DLS,N,True
984663,6/8/2006 11:59:00 AM,855 W WASHINGTON,6169TX,IL,TXI,0940060,PARK/STAND ON BICYCLE PATH,012,FORD,100,200,0.0,Dismissed,8/23/2006 8:56:32 AM,,Y,True
984665,6/13/2006 10:45:00 AM,911 W WASHINGTON,1077543,IL,PAS,0940060,PARK/STAND ON BICYCLE PATH,012,MAZD,100,200,0.0,Paid,10/2/2006 5:53:44 AM,SEIZ,N,True
993080,7/15/2006 5:00:00 PM,3143 S LAKE SHORE DR,2665714,IL,PAS,0940060,PARK/STAND ON BICYCLE PATH,021,DODG,100,200,0.0,Paid,7/24/2006 9:12:24 PM,,N,True
1009697,7/22/2006 9:58:00 AM,830 W FULLERTON AVE,3957654,IL,PAS,0940060,PARK/STAND ON BICYCLE PATH,0498,VOLK,100,200,0.0,Paid,8/23/2006 6:34:05 PM,VIOL,N,True
1010848,7/24/2006 11:19:00 AM,1407 N WELLS,7031837,IL,PAS,0940060,PARK/STAND ON BICYCLE PATH,0498,MERZ,100,200,0.0,Paid,8/31/2006 11:10:49 AM,DETR,N,True
1022544,7/23/2006 5:05:00 PM,3113 S LAKE SHORE DR,8557032,IL,PAS,0940060,PARK/STAND ON BICYCLE PATH,021,DODG,100,200,0.0,Paid,8/29/2011 6:31:42 PM,DLS,N,True
1028903,7/16/2006 10:19:00 PM,1600 N LAKE S HORE DR,6560180,IL,PAS,0940060,PARK/STAND ON BICYCLE PATH,018,INFI,100,200,0.0,Paid,3/29/2007 8:38:08 AM,SEIZ,Y,True
1034915,7/16/2006 4:36:00 PM,1065 E TAYLOR,6781702,IL,PAS,0940060,PARK/STAND ON BICYCLE PATH,496,CHEV,100,200,0.0,Paid,8/14/2006 12:43:31 PM,VIOL,N,True
1035147,7/15/2006 1:29:00 PM,3916 W WASHINGTON,533RFD,IA,PAS,0940060,PARK/STAND ON BICYCLE PATH,011,CHEV,100,200,244.0,Notice,8/2/2007 12:28:27 AM,SEIZ,N,True
1041578,7/24/2006 8:40:00 PM,3901 S LAKE SHORE DR,1742838,IL,PAS,0940060,PARK/STAND ON BICYCLE PATH,021,TOYT,100,200,0.0,Paid,10/3/2006 8:59:03 AM,DETR,Y,True
1041710,7/26/2006 1:39:00 AM,5045 S HYDE PARK BLV,DQU2034,OH,PAS,0940060,PARK/STAND ON BICYCLE PATH,021,AUDI,100,200,244.0,Notice,8/2/2007 12:28:31 AM,SEIZ,N,True
1053448,7/23/2006 2:19:00 PM,319 W ARMITAGE,7037608,IL,PAS,0940060,PARK/STAND ON BICYCLE PATH,018,AUDI,100,200,0.0,Paid,11/20/2006 9:16:36 PM,SEIZ,N,True
1062544,7/28/2006 1:30:00 AM,816 W MARQUETTE,,IL,PAS,0940060,PARK/STAND ON BICYCLE PATH,007,PLYM,100,200,100.0,Define,8/3/2006 9:06:02 PM,,N,True
1074866,8/3/2006 10:04:00 AM,1231 S WABASH AV,4165TX,IL,TXI,0940060,PARK/STAND ON BICYCLE PATH,0498,FORD,100,200,0.0,Paid,12/27/2007 3:55:07 PM,SEIZ,N,True
1078487,7/12/2006 12:45:00 AM,1656 W DIVISION,2442TX,IL,TXI,0940060,PARK/STAND ON BICYCLE PATH,013,FORD,100,200,0.0,Dismissed,11/3/2006 10:14:32 AM,VIOL,Y,True
1079828,7/23/2006 5:15:00 PM,8210 S SOUTH SHORE DR,1654707,IL,PAS,0940060,PARK/STAND ON BICYCLE PATH,004,CHEV,100,200,0.0,Paid,10/3/2006 10:44:06 AM,FINL,N,True
1080075,7/31/2006 10:05:00 PM,1716 N WELLS,7151697,IL,PAS,0940060,PARK/STAND ON BICYCLE PATH,018,LEXU,100,200,0.0,Paid,8/18/2006 9:10:30 PM,VIOL,N,True
1083828,7/31/2006 4:52:00 PM,3859 S LAKE SHORE DR,9874682,IL,PAS,0940060,PARK/STAND ON BICYCLE PATH,021,FORD,100,200,244.0,Notice,8/10/2006 12:14:48 AM,SEIZ,N,True
1100607,7/31/2006 10:21:00 AM,5962 N WINTHROP,6757126,IL,PAS,0940060,PARK/STAND ON BICYCLE PATH,024,SATR,100,200,0.0,Paid,8/21/2006 4:07:16 PM,VIOL,N,True
1101922,8/8/2006 12:26:00 PM,1017 W WASHINGTON BLVD,8520045,IL,PAS,0940060,PARK/STAND ON BICYCLE PATH,0498,JEEP,100,200,0.0,Paid,8/14/2006 9:19:25 PM,,N,True
1116697,7/26/2006 12:45:00 PM,1932 S WABASH,4184177,IL,PAS,0940060,PARK/STAND ON BICYCLE PATH,495,MITS,100,200,0.0,Paid,8/11/2006 9:24:27 PM,,N,True
1121225,8/7/2006 5:55:00 PM,3859 S LAKE SHORE DR,71Y5118,IN,PAS,0940060,PARK/STAND ON BICYCLE PATH,021,JEEP,100,200,0.0,Paid,11/20/2007 9:44:14 PM,FINL,N,True
1135853,7/27/2006 6:50:00 PM,1600 N LAKE SHORE DR,2399TX,IL,TXI,0940060,PARK/STAND ON BICYCLE PATH,018,FORD,100,200,0.0,Paid,2/11/2011 8:08:11 PM,SEIZ,N,True
1135854,8/8/2006 4:11:00 PM,1425 N WELLS,SPD178,IL,PAS,0940060,PARK/STAND ON BICYCLE PATH,018,BMW,100,200,0.0,Paid,9/8/2006 9:25:10 PM,,N,True
1150776,8/12/2006 9:30:00 PM,8224 S SOUTH SHORE DR,7847383,IL,PAS,0940060,PARK/STAND ON BICYCLE PATH,004,CHEV,100,200,0.0,Paid,11/6/2006 9:25:34 PM,FINL,N,True
1159288,8/10/2006 5:00:00 PM,2639 N HALSTED,7405115,IL,PAS,0940060,PARK/STAND ON BICYCLE PATH,019,HOND,100,200,0.0,Paid,11/14/2006 11:24:39 AM,FINL,N,True
1169516,8/18/2006 11:30:00 AM,609 W FULTON ST,5396461,IL,PAS,0940060,PARK/STAND ON BICYCLE PATH,0498,JAGU,100,200,0.0,Paid,3/30/2007 2:59:09 PM,SEIZ,N,True
1179887,8/3/2006 4:30:00 PM,43 E 18TH ST,4654767,IL,PAS,0940060,PARK/STAND ON BICYCLE PATH,001,HOND,100,200,0.0,Paid,10/5/2006 12:54:37 AM,DETR,Y,True
1201104,8/20/2006 4:36:00 PM,300 W MONTROSE HARBOR DR,83396D,IL,TRK,0940060,PARK/STAND ON BICYCLE PATH,023,CHEV,100,200,100.0,Define,8/25/2006 9:07:10 PM,,N,True
1201993,8/20/2006 6:48:00 PM,3859 S LAKE SHORE DR,CBW838,IL,PAS,0940060,PARK/STAND ON BICYCLE PATH,021,DODG,100,200,0.0,Paid,9/7/2006 10:23:58 PM,VIOL,N,True
1202095,8/19/2006 5:00:00 PM,3201 S LAKE SHORE DR,38660H,IL,PAS,0940060,PARK/STAND ON BICYCLE PATH,021,FORD,100,200,100.0,Define,8/25/2006 9:08:28 PM,,N,True
1202102,8/17/2006 7:35:00 PM,4931 S DREXEL,2103CD,IL,PAS,0940060,PARK/STAND ON BICYCLE PATH,021,INFI,100,200,100.0,Define,8/25/2006 9:08:28 PM,,N,True
1203318,8/24/2006 9:43:00 AM,845 W WASHINGTON BLVD,1536TX,IL,TXI,0940060,PARK/STAND ON BICYCLE PATH,0498,FORD,100,200,0.0,Dismissed,11/20/2006 12:23:00 PM,,Y,True
1207680,7/15/2006 5:08:00 PM,8145 S SHORE DR,293G126,IL,TMP,0940060,PARK/STAND ON BICYCLE PATH,004,CADI,100,200,200.0,Notice,5/14/2014 12:18:24 PM,SEIZ,N,True
1213024,8/26/2006 11:40:00 AM,1534 N WELLS,8898400,IL,PAS,0940060,PARK/STAND ON BICYCLE PATH,0498,VOLK,100,200,0.0,Paid,11/2/2006 9:19:50 PM,DETR,Y,True
1213025,8/26/2006 11:43:00 AM,1604 N WELLS,7059026,IL,PAS,0940060,PARK/STAND ON BICYCLE PATH,0498,CHRY,100,200,0.0,Paid,8/17/2007 9:33:53 PM,FINL,N,True
1213445,8/25/2006 12:51:00 PM,1407 N WELLS,PARSCO1,IL,PAS,0940060,PARK/STAND ON BICYCLE PATH,0498,VOLV,100,200,0.0,Paid,8/30/2006 9:16:26 PM,,N,True
1225506,8/23/2006 5:59:00 PM,3859 S LAKE SHORE DR,3430082,IL,PAS,0940060,PARK/STAND ON BICYCLE PATH,021,LEXU,100,200,0.0,Dismissed,10/26/2006 10:03:51 AM,VIOL,Y,True
1229668,8/16/2006 7:12:00 PM,2400 N LAKE SHORE DR,5451409,IL,PAS,0940060,PARK/STAND ON BICYCLE PATH,216,FORD,100,200,0.0,Paid,9/22/2006 9:15:52 PM,DETR,Y,True
1232845,8/26/2006 5:56:00 PM,3444 N HALSTED,8447307,IL,PAS,0940060,PARK/STAND ON BICYCLE PATH,023,JEEP,100,200,0.0,Paid,9/21/2006 9:38:59 AM,VIOL,N,True
1235876,8/30/2006 11:03:00 AM,1235 S WABASH,9143671,IL,PAS,0940060,PARK/STAND ON BICYCLE PATH,0498,PONT,100,200,244.0,Notice,9/6/2006 11:41:15 PM,SEIZ,N,True
1239445,8/25/2006 9:55:00 PM,7710 S SOUTH SHORE DR,9655645,IL,PAS,0940060,PARK/STAND ON BICYCLE PATH,004,DODG,100,200,0.0,Paid,5/7/2008 9:05:28 AM,SEIZ,N,True
1253358,9/1/2006 10:49:00 AM,1339 W TAYLOR,2246656,IL,PAS,0940060,PARK/STAND ON BICYCLE PATH,0498,MERZ,100,200,0.0,Paid,11/19/2006 7:53:59 AM,SEIZ,N,True
1253418,9/1/2006 2:49:00 PM,911 W WASHINGTON BLVD,6751227,IL,PAS,0940060,PARK/STAND ON BICYCLE PATH,0498,FORD,100,200,0.0,Paid,10/7/2006 1:35:04 PM,VIOL,N,True
1266331,8/31/2006 5:34:00 AM,2647 W AUGUSTA,8518653,IL,PAS,0940060,PARK/STAND ON BICYCLE PATH,013,FORD,100,200,0.0,Paid,11/13/2006 12:19:56 PM,DETR,Y,True
1269838,8/29/2006 6:50:00 PM,7935 S SOUTH SHORE DR,8174819,IL,PAS,0940060,PARK/STAND ON BICYCLE PATH,004,FORD,100,200,0.0,Paid,2/9/2009 1:50:13 PM,FINL,N,True
1269839,8/27/2006 6:50:00 PM,7935 S SOUTH SHORE DR,8549777,IL,PAS,0940060,PARK/STAND ON BICYCLE PATH,004,CHEV,100,200,0.0,Paid,11/27/2006 4:17:29 PM,SEIZ,N,True
1269895,9/1/2006 6:19:00 PM,3859 S LAKE SHORE DR,1271164,IL,PAS,0940060,PARK/STAND ON BICYCLE PATH,021,SATR,100,200,0.0,Paid,11/1/2006 12:39:43 AM,DETR,N,True
1274523,9/3/2006 5:10:00 PM,3859 S LAKE SHORE DR,6777722,IL,PAS,0940060,PARK/STAND ON BICYCLE PATH,021,FORD,100,200,244.0,Notice,10/17/2006 2:18:33 PM,SEIZ,Y,True
1277188,9/2/2006 5:39:00 PM,3859 S LAKE SHORE DR,1750400,IL,PAS,0940060,PARK/STAND ON BICYCLE PATH,021,FORD,100,200,0.0,Paid,11/2/2006 9:32:31 AM,FINL,Y,True
1278607,9/2/2006 5:30:00 PM,8033 S SOUTH SHORE DR,4516434,IL,PAS,0940060,PARK/STAND ON BICYCLE PATH,004,HOND,100,200,0.0,Paid,12/12/2006 9:13:14 PM,DETR,Y,True
1278923,9/3/2006 7:49:00 PM,700 W MARQUETTE,8579787,IL,PAS,0940060,PARK/STAND ON BICYCLE PATH,007,DODG,100,200,100.0,Define,9/8/2006 9:08:30 PM,,N,True
1281672,9/7/2006 9:32:00 AM,1545 N WELLS,45C4599,IN,PAS,0940060,PARK/STAND ON BICYCLE PATH,0498,HOND,100,200,0.0,Paid,9/18/2006 9:14:06 PM,,N,True
1288065,9/5/2006 6:08:00 PM,4659 S DREXEL,J383008,IL,PAS,0940060,PARK/STAND ON BICYCLE PATH,021,PLYM,100,200,0.0,Paid,2/8/2010 7:51:10 PM,FINL,N,True
1293721,9/6/2006 10:47:00 AM,4224 W 26TH ST,6923623,IL,PAS,0940060,PARK/STAND ON BICYCLE PATH,010,FORD,100,200,0.0,Paid,9/27/2006 9:24:34 AM,VIOL,N,True
1295592,9/8/2006 9:29:00 PM,3101 S LAKE SHORE DR,6301124,IL,PAS,0940060,PARK/STAND ON BICYCLE PATH,021,NISS,100,200,200.0,Notice,3/6/2013 11:09:44 AM,DLS,N,True
1297063,9/4/2006 2:34:00 PM,321 W ARMITAGE,4607931,IL,PAS,0940060,PARK/STAND ON BICYCLE PATH,018,PONT,100,200,0.0,Paid,11/15/2006 2:23:14 PM,DETR,Y,True
1299518,9/11/2006 10:42:00 AM,1407 N WELLS,6731643,IL,PAS,0940060,PARK/STAND ON BICYCLE PATH,0498,AUDI,100,200,0.0,Paid,11/27/2006 9:54:08 AM,SEIZ,N,True
1300526,9/11/2006 10:09:00 AM,6164 N WINTHROP,5959039,IL,PAS,0940060,PARK/STAND ON BICYCLE PATH,0498,MERC,100,200,0.0,Dismissed,11/16/2014 1:44:29 PM,SEIZ,N,True
1305846,9/5/2006 11:27:00 AM,1715 N WELLS,50385CB,IL,TRK,0940060,PARK/STAND ON BICYCLE PATH,018,FORD,100,200,0.0,Paid,11/6/2006 9:18:58 PM,DETR,N,True
1309042,9/8/2006 5:16:00 PM,239 E RANDOLPH,9861264,IL,PAS,0940060,PARK/STAND ON BICYCLE PATH,216,FORD,100,200,0.0,Paid,10/19/2006 9:20:05 PM,DETR,N,True
1312054,9/9/2006 10:34:00 PM,1402 E 51ST,H30RMN,FL,PAS,0940060,PARK/STAND ON BICYCLE PATH,021,VOLV,100,200,0.0,Dismissed,11/28/2006 3:00:17 AM,,N,True
1312055,9/9/2006 10:40:00 PM,1402 E 51ST,DE456,MI,PAS,0940060,PARK/STAND ON BICYCLE PATH,021,ACUR,100,200,100.0,Define,9/14/2006 9:05:26 PM,,N,True
1319700,9/11/2006 4:28:00 PM,1649 W MARQUETTE,SUGARF1,IL,PAS,0940060,PARK/STAND ON BICYCLE PATH,007,DODG,100,200,0.0,Paid,9/28/2007 9:33:29 PM,FINL,Y,True
1328617,9/10/2006 6:35:00 PM,1613 N WELLS,6445384,IL,PAS,0940060,PARK/STAND ON BICYCLE PATH,018,CHRY,100,200,0.0,Paid,9/18/2006 9:26:01 PM,,N,True
1330033,9/16/2006 8:53:00 AM,1231 S WABASH,96N3697,IN,PAS,0940060,PARK/STAND ON BICYCLE PATH,0498,NISS,100,200,0.0,Paid,8/13/2007 4:32:07 PM,SEIZ,N,True
1345322,9/13/2006 7:00:00 PM,4740 S DREXEL,8615376,MI,PAS,0940060,PARK/STAND ON BICYCLE PATH,021,HYUN,100,200,100.0,Define,9/20/2006 9:05:30 PM,,N,True
1349453,9/19/2006 11:21:00 AM,845 W WASHINGTON BLVD,653TX,IL,TXI,0940060,PARK/STAND ON BICYCLE PATH,0498,FORD,100,200,0.0,Paid,10/21/2006 12:44:00 PM,VIOL,N,True
1356863,9/17/2006 8:45:00 AM,3309 W MARQUETTE RD,RGH395,IL,PAS,0940060,PARK/STAND ON BICYCLE PATH,008,CHEV,100,200,0.0,Dismissed,6/7/2007 3:41:21 AM,FINL,N,True
1357144,9/15/2006 2:54:00 PM,2229 N LINCOLN,D601647,IL,PAS,0940060,PARK/STAND ON BICYCLE PATH,018,AUDI,100,200,0.0,Dismissed,10/13/2006 12:02:21 PM,,Y,True
1360083,9/20/2006 10:58:00 AM,832 W FULLERTON AVE,D672014,IL,PAS,0940060,PARK/STAND ON BICYCLE PATH,0498,FORD,100,200,0.0,Paid,10/18/2006 1:20:41 PM,VIOL,N,True
1368876,9/21/2006 10:25:00 AM,838 W FULLERTON AVE,132685D,IL,TRK,0940060,PARK/STAND ON BICYCLE PATH,0498,GMC,100,200,0.0,Paid,10/6/2006 9:14:02 PM,VIOL,N,True
1378885,9/22/2006 1:09:00 AM,2441 W CHICAGO,18677TX,IL,TXI,0940060,PARK/STAND ON BICYCLE PATH,013,FORD,100,200,244.0,Notice,9/28/2006 12:25:20 AM,SEIZ,N,True
1403776,9/26/2006 8:23:00 PM,75 E MARQUETTE,37152F,IL,PAS,0940060,PARK/STAND ON BICYCLE PATH,003,TOYT,100,200,0.0,Paid,12/6/2006 9:20:23 PM,,N,True
1404002,9/26/2006 1:50:00 AM,3953 N SOUTHPORT,9920377,IL,PAS,0940060,PARK/STAND ON BICYCLE PATH,023,HYUN,100,200,0.0,Paid,12/19/2006 4:23:38 PM,DETR,Y,True
1412610,9/30/2006 12:21:00 PM,1630 N DAMEN AV,9617266,IL,PAS,0940060,PARK/STAND ON BICYCLE PATH,0498,FORD,100,200,0.0,Paid,11/22/2006 9:18:02 PM,DETR,N,True
1416941,9/30/2006 5:07:00 PM,2020  DIVISION,1924DL,IL,PAS,0940060,PARK/STAND ON BICYCLE PATH,013,LNDR,100,200,100.0,Define,10/3/2006 9:03:41 PM,,N,True
1417185,9/23/2006 7:14:00 PM,6531 S DAMEN,7175659,IL,PAS,0940060,PARK/STAND ON BICYCLE PATH,007,PONT,100,200,100.0,Define,10/3/2006 9:04:00 PM,,N,True
1426250,10/1/2006 10:46:00 AM,4068 W 26TH ST,7069084,IL,PAS,0940060,PARK/STAND ON BICYCLE PATH,010,NISS,100,200,0.0,Paid,12/18/2006 2:55:36 PM,SEIZ,N,True
1426424,9/27/2006 11:54:00 AM,1241 S WABASH,8357443,IL,PAS,0940060,PARK/STAND ON BICYCLE PATH,152,SAAB,100,200,0.0,Paid,10/4/2006 9:24:39 PM,,N,True
1437920,10/3/2006 8:46:00 PM,2647 W AUGUSTA,192H651,IL,TMP,0940060,PARK/STAND ON BICYCLE PATH,013,OLDS,100,200,100.0,Define,10/6/2006 9:03:41 PM,,N,True
1438070,9/28/2006 11:02:00 PM,1105 W 67TH ST,973G767,IL,TMP,0940060,PARK/STAND ON BICYCLE PATH,007,GMC,100,200,244.0,Notice,11/22/2006 11:05:38 PM,SEIZ,N,True
1440617,10/1/2006 4:21:00 AM,1670 N ELSTON,527G531,IL,TMP,0940060,PARK/STAND ON BICYCLE PATH,014,CHEV,100,200,0.0,Paid,12/19/2014 11:53:04 AM,DLS,N,True
1448491,10/1/2006 5:10:00 PM,3010 S INDIANA,7547242,IL,PAS,0940060,PARK/STAND ON BICYCLE PATH,152,FORD,100,200,0.0,Dismissed,1/22/2007 9:03:20 AM,DETR,Y,True
1468067,10/6/2006 11:43:00 AM,4043 W 26TH ST,6445605,IL,PAS,0940060,PARK/STAND ON BICYCLE PATH,010,DODG,100,200,0.0,Paid,11/21/2006 3:18:55 PM,DETR,N,True
1487716,10/5/2006 3:55:00 AM,4827 W WASHINGTON,9377717,IL,PAS,0940060,PARK/STAND ON BICYCLE PATH,015,CHEV,100,200,0.0,Paid,11/8/2006 4:16:12 PM,VIOL,N,True
1504311,10/14/2006 8:40:00 PM,4915 S DREXEL,5799025,IL,PAS,0940060,PARK/STAND ON BICYCLE PATH,021,CHRY,100,200,100.0,Define,10/19/2006 9:04:54 PM,,N,True
1510758,10/10/2006 3:35:00 PM,2133 W PRATT,9392071,IL,PAS,0940060,PARK/STAND ON BICYCLE PATH,024,PONT,100,200,0.0,Paid,10/24/2006 10:43:36 AM,,N,True
1524615,10/17/2006 6:10:00 PM,2023 W DIVISION,WB135,IL,PAS,0940060,PARK/STAND ON BICYCLE PATH,013,VOLK,100,200,0.0,Paid,11/2/2006 9:28:34 PM,VIOL,N,True
1545576,10/19/2006 6:15:00 PM,4734 S DREXEL,7178561,IL,PAS,0940060,PARK/STAND ON BICYCLE PATH,021,CHEV,100,200,0.0,Paid,11/20/2007 9:23:26 PM,SEIZ,N,True
1558015,10/26/2006 10:59:00 AM,6124 N WINTHROP,3336659,IL,PAS,0940060,PARK/STAND ON BICYCLE PATH,0498,NISS,100,200,0.0,Paid,1/2/2007 9:12:21 PM,FINL,Y,True
1564896,10/27/2006 11:24:00 AM,1137 W TAYLOR ST,TOMGIA1,IL,PAS,0940060,PARK/STAND ON BICYCLE PATH,0498,BUIC,100,200,0.0,Paid,11/2/2006 9:17:12 PM,,N,True
1566732,10/27/2006 4:20:00 PM,2126 N HALSTED ST,6498142,IL,PAS,0940060,PARK/STAND ON BICYCLE PATH,0498,JEEP,100,200,0.0,Paid,2/16/2008 11:07:06 AM,SEIZ,N,True
1581964,10/31/2006 12:41:00 PM,1163 W ARMITAGE,3381939,IL,PAS,0940060,PARK/STAND ON BICYCLE PATH,0498,JEEP,100,200,0.0,Paid,11/27/2006 10:16:29 AM,VIOL,N,True
1584670,10/29/2006 11:33:00 PM,519 W 67TH,9953474,IL,PAS,0940060,PARK/STAND ON BICYCLE PATH,007,CHEV,100,200,0.0,Paid,4/8/2011 6:16:30 PM,SEIZ,N,True
1600724,10/23/2006 10:55:00 AM,1349 S WABASH,F468292,IL,PAS,0940060,PARK/STAND ON BICYCLE PATH,495,TOYT,100,200,0.0,Paid,11/27/2006 11:42:30 AM,VIOL,N,True
1604978,11/4/2006 10:54:00 AM,1709 N WELLS,6576470,IL,PAS,0940060,PARK/STAND ON BICYCLE PATH,0498,BMW,100,200,0.0,Paid,11/17/2006 3:29:21 PM,,N,True
1606146,11/3/2006 1:00:00 PM,1534 N WELLS,5880520,IL,PAS,0940060,PARK/STAND ON BICYCLE PATH,0498,TOYT,100,200,0.0,Paid,11/9/2006 4:45:17 PM,,N,True
1624943,11/8/2006 1:43:00 PM,2274 N LINCOLN,808G219,IL,TMP,0940060,PARK/STAND ON BICYCLE PATH,0498,PORS,100,200,0.0,Paid,11/24/2006 10:49:23 AM,VIOL,N,True
1630267,11/9/2006 9:46:00 AM,3524 N SOUTHPORT,298519RV,IL,RVM,0940060,PARK/STAND ON BICYCLE PATH,0498,FORD,100,200,0.0,Paid,4/30/2007 10:31:12 AM,FINL,N,True
1641153,11/2/2006 4:00:00 PM,440 N WELLS,54057J,IL,TRK,0940060,PARK/STAND ON BICYCLE PATH,216,CHEV,100,200,100.0,Define,11/15/2006 9:02:04 PM,,N,True
1651302,11/13/2006 3:00:00 AM,1514 W AUGUSTA,7239643,IL,PAS,0940060,PARK/STAND ON BICYCLE PATH,013,VOLK,100,200,0.0,Paid,10/24/2007 4:00:11 PM,SEIZ,N,True
1659453,11/14/2006 11:17:00 PM,3901 S LAKE SHORE DRIVE,9552812,IL,PAS,0940060,PARK/STAND ON BICYCLE PATH,021,FORD,100,200,244.0,Notice,11/22/2006 11:49:54 PM,SEIZ,N,True
1688043,11/18/2006 6:30:00 PM,3738 N SHEFFIELD,3934082,IL,PAS,0940060,PARK/STAND ON BICYCLE PATH,019,FORD,100,200,0.0,Paid,6/23/2008 1:20:20 PM,DETR,N,True
1712013,11/20/2006 10:01:00 AM,5951 N KENMORE,9402047,IL,PAS,0940060,PARK/STAND ON BICYCLE PATH,024,FORD,100,200,0.0,Paid,11/29/2006 9:27:44 PM,,N,True
1713832,11/28/2006 10:03:00 AM,950 W ARMITAGE,9097359,IL,PAS,0940060,PARK/STAND ON BICYCLE PATH,0498,LEXU,100,200,0.0,Dismissed,1/16/2007 11:04:30 AM,VIOL,Y,True
1726234,11/21/2006 5:58:00 PM,1928 N HALSTED,4770791,IL,PAS,0940060,PARK/STAND ON BICYCLE PATH,018,VOLK,100,200,100.0,Define,12/1/2006 9:07:20 PM,,N,True
1729250,11/30/2006 12:14:00 PM,540 N DEARBORN ST,4245TX,IL,TXI,0940060,PARK/STAND ON BICYCLE PATH,0498,FORD,100,200,0.0,Dismissed,1/16/2007 9:00:52 AM,VIOL,Y,True
1763712,11/30/2006 4:15:00 AM,1407 N WELLS,7031837,IL,PAS,0940060,PARK/STAND ON BICYCLE PATH,216,MERZ,100,200,0.0,Paid,1/4/2007 12:08:14 PM,VIOL,N,True
1767174,12/5/2006 2:15:00 PM,200 S WABASH,D897239,IL,PAS,0940060,PARK/STAND ON BICYCLE PATH,001,HOND,100,200,0.0,Dismissed,2/8/2007 3:48:09 PM,VIOL,Y,True
1770778,12/2/2006 5:12:00 PM,1616 N WELLS,T392915,IL,PAS,0940060,PARK/STAND ON BICYCLE PATH,0502,FORD,100,200,0.0,Paid,10/28/2008 2:50:15 PM,FINL,Y,True
1770779,12/2/2006 5:12:00 PM,1616 N WELLS,T392915,IL,PAS,0940060,PARK/STAND ON BICYCLE PATH,0502,FORD,100,200,0.0,Paid,10/28/2008 2:50:15 PM,FINL,Y,True
1770780,12/2/2006 5:12:00 PM,1616 N WELLS,T392915,IL,PAS,0940060,PARK/STAND ON BICYCLE PATH,0502,FORD,100,200,0.0,Paid,10/28/2008 2:50:15 PM,FINL,Y,True
1773226,11/16/2006 1:40:00 AM,2274 N LINCOLN,9012756,IL,PAS,0940060,PARK/STAND ON BICYCLE PATH,018,CHEV,100,200,0.0,Dismissed,2/8/2007 8:36:47 AM,VIOL,Y,True
1784006,12/12/2006 1:56:00 PM,835 W WASHINGTON BLVD,4213321,IL,PAS,0940060,PARK/STAND ON BICYCLE PATH,0498,MERZ,100,200,0.0,Paid,12/19/2006 9:13:25 PM,,N,True
1789097,12/2/2006 7:41:00 PM,1044 W 67TH ST,9141371,IL,PAS,0940060,PARK/STAND ON BICYCLE PATH,007,DODG,100,200,0.0,Paid,2/3/2007 7:21:33 AM,DETR,N,True
1791429,12/13/2006 5:36:00 PM,1645 N WELLS,15ZZ13,MA,PAS,0940060,PARK/STAND ON BICYCLE PATH,0498,DODG,100,200,0.0,Paid,1/2/2007 12:59:51 AM,,N,True
1805401,12/15/2006 10:14:00 AM,1237 S WABASH,8463505,IL,PAS,0940060,PARK/STAND ON BICYCLE PATH,0498,FORD,100,200,0.0,Paid,12/29/2006 9:11:45 PM,,N,True
1820125,12/19/2006 5:49:00 PM,3829 N SOUTHPORT,2104103,IL,PAS,0940060,PARK/STAND ON BICYCLE PATH,0498,HOND,100,200,0.0,Paid,5/22/2007 11:17:28 AM,FINL,N,True
1826499,12/18/2006 3:15:00 AM,5006 N KEDZIE,9497099,IL,PAS,0940060,PARK/STAND ON BICYCLE PATH,017,FORD,100,200,244.0,Notice,12/28/2006 2:01:39 AM,SEIZ,N,True
1826895,12/20/2006 11:44:00 AM,1325 S WABASH,81446MB,IL,TRK,0940060,PARK/STAND ON BICYCLE PATH,0498,NISS,100,200,0.0,Paid,2/13/2007 10:49:34 AM,DETR,N,True
1830382,12/4/2006 5:40:00 PM,850 W ARMITAGE,5895017,IL,PAS,0940060,PARK/STAND ON BICYCLE PATH,018,CHRY,100,200,0.0,Paid,3/2/2007 8:50:45 AM,FINL,N,True
1833286,12/21/2006 10:31:00 AM,1550 N WELLS,7299YKB,IL,TRK,0940060,PARK/STAND ON BICYCLE PATH,0498,DODG,100,200,100.0,Define,12/22/2006 9:07:02 PM,,N,True
1837598,12/20/2006 9:57:00 PM,4917 S DREXEL,3428398,IL,PAS,0940060,PARK/STAND ON BICYCLE PATH,021,BUIC,100,200,0.0,Paid,3/5/2007 12:31:34 PM,FINL,N,True
1837599,12/20/2006 10:00:00 PM,4825 S DREXEL,5404412,IL,PAS,0940060,PARK/STAND ON BICYCLE PATH,021,BUIC,100,200,0.0,Paid,1/17/2007 9:01:41 AM,VIOL,N,True
1837707,12/5/2006 5:30:00 PM,1235 S WABASH,8651356,IL,PAS,0940060,PARK/STAND ON BICYCLE PATH,001,SATR,100,200,0.0,Paid,1/11/2007 3:48:12 PM,VIOL,N,True
1841733,12/13/2006 10:22:00 PM,1650 N WELLS,9811902,IL,PAS,0940060,PARK/STAND ON BICYCLE PATH,0502,DODG,100,200,0.0,Paid,3/23/2007 9:33:33 PM,DETR,N,True
1853674,12/22/2006 10:55:00 AM,1433 N WELLS,7886435,IL,PAS,0940060,PARK/STAND ON BICYCLE PATH,018,PORS,100,200,0.0,Paid,2/13/2007 10:33:55 AM,DETR,N,True
1867322,12/29/2006 7:07:00 PM,1407 N WELLS,7031837,IL,PAS,0940060,PARK/STAND ON BICYCLE PATH,216,MERZ,100,200,0.0,Paid,1/31/2007 11:52:21 AM,VIOL,N,True
1871057,12/31/2006 7:54:00 AM,3309 W MARQUETTE ROAD,7645838,IL,PAS,0940060,PARK/STAND ON BICYCLE PATH,008,NISS,100,200,0.0,Paid,1/17/2008 1:53:07 PM,FINL,N,True
1876896,12/31/2006 4:45:00 AM,6811 N .CLARK,8056658,IL,PAS,0940060,PARK/STAND ON BICYCLE PATH,024,HOND,100,200,244.0,Notice,1/10/2007 11:55:58 PM,SEIZ,N,True
1893289,1/11/2006 8:04:00 PM,1246 N WELLS,4315TX,IL,TXI,0940060,PARK/STAND ON BICYCLE PATH,018,CHEV,100,200,0.0,Dismissed,2/21/2006 11:09:43 AM,VIOL,Y,True
1894111,1/20/2006 4:36:00 PM,2409 N SOUTHPORT,1726LJ,MI,PAS,0940060,PARK/STAND ON BICYCLE PATH,019,FORD,100,200,0.0,Paid,3/16/2006 6:04:04 PM,VIOL,N,True
1897216,2/16/2006 12:11:00 PM,410 N WELLS,2531261,IL,PAS,0940060,PARK/STAND ON BICYCLE PATH,0498,VOLV,100,200,0.0,Paid,4/20/2006 9:17:05 PM,DETR,Y,True
1898714,3/1/2006 11:38:00 AM,1255 S WABASH AV,8511145,IL,PAS,0940060,PARK/STAND ON BICYCLE PATH,0498,CHEV,100,200,0.0,Paid,4/7/2006 4:02:17 PM,DETR,N,True
1904788,4/17/2006 9:41:00 AM,420 S CLINTON ST,E163305,IL,ENV,0940060,PARK/STAND ON BICYCLE PATH,0498,CHEV,100,200,0.0,Paid,6/5/2006 9:17:30 PM,DETR,N,True
1917470,7/14/2006 6:49:00 PM,3901 S 3LAKE SHORE DR,2285094,IL,PAS,0940060,PARK/STAND ON BICYCLE PATH,021,CADI,100,200,0.0,Paid,7/13/2007 5:38:23 AM,FINL,N,True
1918411,7/22/2006 6:05:00 PM,3901 S LAKE SHORE DR,D550390,IL,PAS,0940060,PARK/STAND ON BICYCLE PATH,021,TOYT,100,200,0.0,Paid,9/14/2006 12:41:51 PM,DETR,Y,True
1924113,8/25/2006 9:55:00 PM,7653 S SOUTH SHORE DR,4879943,IL,PAS,0940060,PARK/STAND ON BICYCLE PATH,004,BUIC,100,200,0.0,Paid,10/16/2006 9:18:48 PM,DETR,N,True
1927876,9/25/2006 11:42:00 AM,25 S CANAL,973RGB,IL,TRK,0940060,PARK/STAND ON BICYCLE PATH,0498,FORD,100,200,100.0,Define,9/27/2006 9:10:42 PM,,N,True
1931463,10/20/2006 12:21:00 PM,1014 W TAYLOR,1085974,IL,PAS,0940060,PARK/STAND ON BICYCLE PATH,0498,CADI,100,200,0.0,Paid,10/26/2006 9:15:28 PM,,N,True
1934283,11/5/2006 4:13:00 PM,839 W ARMITAGE,46871H,IL,TRK,0940060,PARK/STAND ON BICYCLE PATH,018,CHEV,100,200,0.0,Dismissed,2/28/2007 3:00:57 AM,,N,True
1945324,2/10/2006 9:49:00 AM,6118 W GRANVILLE,2402031,IL,PAS,0940060,PARK/STAND ON BICYCLE PATH,0498,VOLK,100,200,244.0,Notice,2/15/2006 10:32:00 PM,FINL,N,True
1946024,2/13/2006 6:58:00 PM,1513 E MARQUETTE RD,4039917,IL,PAS,0940060,PARK/STAND ON BICYCLE PATH,003,MERZ,100,200,0.0,Paid,3/3/2006 9:15:36 PM,VIOL,N,True
1951034,3/26/2006 7:10:00 PM,3901 S LAKE SHORE DR,9998024,IL,PAS,0940060,PARK/STAND ON BICYCLE PATH,021,MERC,100,200,0.0,Paid,11/6/2006 11:57:56 AM,SEIZ,N,True
1953965,4/18/2006 10:50:00 PM,3306 N SOUTH PORT,EAH3,IL,PAS,0940060,PARK/STAND ON BICYCLE PATH,019,DODG,100,200,0.0,Paid,4/28/2006 9:13:01 PM,,N,True
1954653,4/19/2006 3:49:00 AM,1429 W AUGUSTA,J963928,IL,PAS,0940060,PARK/STAND ON BICYCLE PATH,013,HOND,100,200,0.0,Paid,6/20/2006 11:58:48 AM,DETR,Y,True
1954724,4/26/2006 2:27:00 PM,845 W WASHINGTON STREET,1011TX,IL,TXI,0940060,PARK/STAND ON BICYCLE PATH,0498,FORD,100,200,0.0,Paid,6/12/2006 2:42:31 PM,DETR,Y,True
1963307,6/22/2006 5:02:00 PM,3859 S LAKE SHORE DR,97295FB,IL,TRK,0940060,PARK/STAND ON BICYCLE PATH,021,CHEV,100,200,0.0,Paid,8/18/2006 9:15:15 PM,DETR,N,True
1964696,7/10/2006 10:12:00 AM,5934 N WINTHROP,11334HB,IL,TRK,0940060,PARK/STAND ON BICYCLE PATH,0498,FORD,100,200,0.0,Paid,7/31/2006 12:42:51 PM,VIOL,N,True
1964977,7/9/2006 11:45:00 AM,750 S COLUMBUS,6238011,IL,PAS,0940060,PARK/STAND ON BICYCLE PATH,055,CADI,100,200,50.0,Notice,7/19/2006 11:26:38 PM,,N,True
1979912,10/20/2006 5:37:00 PM,4300 W DIVERSEY,3540163,IL,PAS,0940060,PARK/STAND ON BICYCLE PATH,025,NISS,100,200,0.0,Paid,11/1/2006 9:24:30 PM,,N,True
1990641,1/16/2006 8:26:00 AM,3301 W MARQUETTE ROAD,684KBK,WI,PAS,0940060,PARK/STAND ON BICYCLE PATH,008,CHEV,100,200,200.0,Notice,2/28/2014 4:31:36 PM,DLS,N,True
1994658,2/21/2006 9:43:00 AM,3747 N SOUTHPORT,KMC,IL,PAS,0940060,PARK/STAND ON BICYCLE PATH,0498,LEXU,100,200,0.0,Paid,6/12/2006 9:17:22 PM,SEIZ,N,True
1999346,3/25/2006 10:50:00 AM,1604 N WELLS,38004E,IL,TRK,0940060,PARK/STAND ON BICYCLE PATH,018,CHEV,100,200,0.0,Paid,4/13/2006 9:13:49 PM,,N,True
2006715,5/19/2006 11:47:00 AM,29 S CANAL,189006D,IL,TRK,0940060,PARK/STAND ON BICYCLE PATH,0498,UNKN,100,200,0.0,Paid,3/4/2008 3:40:08 PM,SEIZ,N,True
2009518,6/9/2006 6:15:00 PM,1610 N WELLS,8684484,IL,PAS,0940060,PARK/STAND ON BICYCLE PATH,018,DODG,100,200,0.0,Paid,5/3/2010 3:05:12 PM,DLS,N,True
2010605,6/14/2006 5:16:00 PM,4034 W 26TH ST,3712085,IL,PAS,0940060,PARK/STAND ON BICYCLE PATH,010,MERC,100,200,0.0,Paid,1/4/2007 4:02:07 PM,FINL,N,True
2011928,6/25/2006 3:00:00 AM,2719 W AUGUSTA,5871970,IL,PAS,0940060,PARK/STAND ON BICYCLE PATH,013,CHEV,100,200,0.0,Paid,8/9/2006 2:34:07 PM,DETR,N,True
2012690,6/30/2006 7:44:00 PM,1640 N HALSTED,6552322,IL,PAS,0940060,PARK/STAND ON BICYCLE PATH,018,CHRY,100,200,0.0,Paid,10/20/2016 2:08:02 PM,FINL,Y,True
2021807,9/2/2006 12:00:00 PM,4010 W 26TH ST,18401FF,IL,IFF,0940060,PARK/STAND ON BICYCLE PATH,010,CHEV,100,200,0.0,Paid,4/12/2007 12:43:11 PM,FINL,N,True
2022161,9/7/2006 6:23:00 AM,1854 W AUGUSTA,VTC302,IL,PAS,0940060,PARK/STAND ON BICYCLE PATH,013,LEXU,100,200,0.0,Paid,10/6/2006 10:32:30 AM,VIOL,N,True
2039062,1/12/2006 10:45:00 AM,3331 W MARQUETTE RD,9584752,IL,PAS,0940060,PARK/STAND ON BICYCLE PATH,008,GEO,100,200,0.0,Paid,2/27/2006 1:24:30 PM,DETR,N,True
2043892,2/3/2006 4:05:00 AM,1746 N WELLS,17796,IL,PAS,0940060,PARK/STAND ON BICYCLE PATH,216,HOND,100,200,0.0,Paid,3/3/2006 9:15:55 PM,,N,True
2047646,3/22/2006 5:28:00 PM,1531 N WELLS,9859563,IL,PAS,0940060,PARK/STAND ON BICYCLE PATH,018,CHRY,100,200,0.0,Paid,4/4/2006 9:13:57 PM,,N,True
2049939,4/13/2006 12:38:00 PM,1235 S WABASH,2887TX,IL,TXI,0940060,PARK/STAND ON BICYCLE PATH,0498,FORD,100,200,0.0,Dismissed,6/14/2006 3:48:57 PM,VIOL,Y,True
2058007,5/29/2006 1:50:00 PM,1621 S BLUE ISLAND,9651527,IL,PAS,0940060,PARK/STAND ON BICYCLE PATH,012,FORD,100,200,244.0,Notice,6/15/2006 12:09:07 AM,SEIZ,N,True
2062417,7/11/2006 6:20:00 PM,1318 N WELLS,7678784,IL,PAS,0940060,PARK/STAND ON BICYCLE PATH,018,HYUN,100,200,0.0,Dismissed,8/21/2006 10:16:13 AM,,Y,True
2072470,9/19/2006 12:09:00 PM,832 W FULLERTON AVE,138417D,IL,TRK,0940060,PARK/STAND ON BICYCLE PATH,0498,FORD,100,200,0.0,Paid,9/29/2006 9:12:16 PM,,N,True
2084352,12/9/2006 8:45:00 PM,2034 N HALSTED,HB229,IL,PAS,0940060,PARK/STAND ON BICYCLE PATH,018,HYUN,100,200,0.0,Dismissed,2/9/2007 1:37:32 PM,VIOL,Y,True
2088964,1/22/2006 5:48:00 PM,869 N MILWAUKEE,5604197,IL,PAS,0940060,PARK/STAND ON BICYCLE PATH,013,CHEV,100,200,0.0,Paid,6/25/2008 6:10:07 PM,SEIZ,N,True
2095585,2/22/2006 5:25:00 PM,103 E 83RD ST,59377B,IL,TRK,0940060,PARK/STAND ON BICYCLE PATH,006,CHEV,100,200,0.0,Paid,3/22/2006 9:21:03 PM,,N,True
2102911,5/7/2006 6:30:00 PM,4907 S DREXEL,6063126,IL,PAS,0940060,PARK/STAND ON BICYCLE PATH,021,FORD,100,200,0.0,Paid,11/28/2006 11:58:16 AM,VIOL,N,True
2107171,6/8/2006 6:01:00 PM,4525 S DREXEL,HANDFL1,IL,PAS,0940060,PARK/STAND ON BICYCLE PATH,021,ACUR,100,200,0.0,Paid,2/7/2008 3:28:17 PM,FINL,Y,True
2132096,12/8/2006 4:58:00 AM,2611 W PRATT,3101722,IL,PAS,0940060,PARK/STAND ON BICYCLE PATH,024,TOYT,100,200,0.0,Dismissed,2/28/2007 3:00:57 AM,,N,True
2139102,2/2/2006 9:06:00 AM,25 S CANAL,478MF,IL,TRK,0940060,PARK/STAND ON BICYCLE PATH,152,GMC,100,200,0.0,Paid,3/2/2006 9:16:44 PM,VIOL,N,True
2141738,3/1/2006 9:50:00 PM,2114 S TRUMBULL,8347742,IL,PAS,0940060,PARK/STAND ON BICYCLE PATH,010,FORD,100,200,0.0,Paid,11/27/2008 9:00:14 AM,DLS,N,True
2147688,4/19/2006 11:47:00 AM,1405 N WELLS,6731643,IL,PAS,0940060,PARK/STAND ON BICYCLE PATH,0498,AUDI,100,200,0.0,Paid,7/24/2006 4:42:47 PM,DLS,N,True
2157269,6/24/2006 2:45:00 AM,2625 N LINCOLN,1802TX,IL,TXI,0940060,PARK/STAND ON BICYCLE PATH,019,CHEV,100,200,100.0,Define,6/28/2006 9:05:22 PM,,N,True
2157620,6/24/2006 2:16:00 AM,4137 W 26TH PL,7907880,IL,PAS,0940060,PARK/STAND ON BICYCLE PATH,010,FORD,100,200,244.0,Notice,7/7/2006 10:39:17 PM,SEIZ,N,True
2170421,9/25/2006 5:10:00 PM,3720 W DIVERSEY,18964TW,IL,PAS,0940060,PARK/STAND ON BICYCLE PATH,025,FORD,100,200,100.0,Define,9/29/2006 9:03:41 PM,,N,True
2191400,3/11/2006 8:08:00 AM,1541 S CENTRAL PARK,8500423,IL,PAS,0940060,PARK/STAND ON BICYCLE PATH,010,FORD,100,200,0.0,Paid,4/11/2006 12:01:18 PM,VIOL,N,True
2194818,4/5/2006 9:37:00 PM,4915 S DREXEL,23A3704,AL,PAS,0940060,PARK/STAND ON BICYCLE PATH,021,GMC,100,200,100.0,Define,4/13/2006 9:00:38 PM,,N,True
2195389,4/14/2006 10:41:00 AM,25 N CANAL,175312D,IL,TRK,0940060,PARK/STAND ON BICYCLE PATH,0498,UNKN,100,200,0.0,Paid,5/15/2006 9:15:15 PM,VIOL,N,True
2198989,5/10/2006 11:39:00 AM,1645 N WELLS,9890119,IL,PAS,0940060,PARK/STAND ON BICYCLE PATH,0498,MERC,100,200,0.0,Paid,8/3/2006 9:52:13 AM,DETR,Y,True
2203512,6/13/2006 10:29:00 AM,15 N CANAL,49155F,IL,TRK,0940060,PARK/STAND ON BICYCLE PATH,0498,GMC,100,200,0.0,Paid,7/18/2006 9:12:42 PM,DETR,N,True
2209789,7/27/2006 1:17:00 PM,1405 N WELLS,7031837,IL,PAS,0940060,PARK/STAND ON BICYCLE PATH,018,MERZ,100,200,0.0,Paid,8/31/2006 11:10:49 AM,VIOL,N,True
2212038,8/3/2006 4:05:00 PM,952 W ARMITAGE,2425557,IL,PAS,0940060,PARK/STAND ON BICYCLE PATH,018,SAAB,100,200,0.0,Paid,9/29/2006 9:20:22 PM,DETR,N,True
2213421,8/18/2006 1:27:00 AM,567 E MARQUETTE,5918989,IL,PAS,0940060,PARK/STAND ON BICYCLE PATH,003,CADI,100,200,244.0,Notice,8/30/2006 11:53:41 PM,DLS,N,True
2215781,9/8/2006 3:56:00 PM,3730 N SOUTHPORT,7672452,IL,PAS,0940060,PARK/STAND ON BICYCLE PATH,0498,NISS,100,200,0.0,Paid,9/29/2006 9:12:09 PM,VIOL,N,True
2231730,1/6/2006 9:17:00 AM,1439 N WELLS,30072DB,IL,TRK,0940060,PARK/STAND ON BICYCLE PATH,0498,FORD,100,200,0.0,Paid,1/18/2006 9:22:12 PM,,N,True
2233949,1/25/2006 5:15:00 AM,2823 N SEMINARY,863JZB,IA,PAS,0940060,PARK/STAND ON BICYCLE PATH,019,TOYT,100,200,244.0,Notice,2/26/2008 9:48:55 AM,SEIZ,N,True
2236964,2/13/2006 6:01:00 PM,4915 S DREXEL BLVD,45R4529,IN,PAS,0940060,PARK/STAND ON BICYCLE PATH,021,INFI,100,200,244.0,Notice,5/31/2007 11:25:06 PM,SEIZ,N,True
2239710,3/13/2006 6:58:00 PM,1829 S CENTRAL PK,9813127,IL,PAS,0940060,PARK/STAND ON BICYCLE PATH,010,FORD,100,200,0.0,Paid,12/22/2009 5:52:11 PM,FINL,N,True
2243874,4/11/2006 6:49:00 PM,4919 S DREXEL,9847280,IL,PAS,0940060,PARK/STAND ON BICYCLE PATH,021,PONT,100,200,0.0,Paid,5/25/2006 12:28:38 PM,DETR,N,True
2255658,7/9/2006 11:46:00 AM,750 S COLUMBUS,863DD,IL,PAS,0940060,PARK/STAND ON BICYCLE PATH,055,INFI,100,200,100.0,Define,7/14/2006 5:06:57 PM,,N,True
2261922,8/19/2006 7:38:00 PM,6200 S LAKE SHORE DR,6604824,IL,PAS,0940060,PARK/STAND ON BICYCLE PATH,003,FORD,100,200,0.0,Paid,6/10/2016 9:18:25 PM,SEIZ,N,True
2270317,10/19/2006 10:20:00 AM,1845 W HOWARD,9494944,IL,PAS,0940060,PARK/STAND ON BICYCLE PATH,0498,MITS,100,200,0.0,Paid,10/25/2006 9:17:30 PM,,N,True
2271550,10/31/2006 9:40:00 AM,1349 N WELLS,6468394,IL,PAS,0940060,PARK/STAND ON BICYCLE PATH,0498,TOYT,100,200,0.0,Paid,4/18/2007 8:50:09 AM,VIOL,N,True
2280739,1/10/2006 1:09:00 PM,908 W ARMITAGE,6372286,IL,PAS,0940060,PARK/STAND ON BICYCLE PATH,018,LEXU,100,200,0.0,Paid,5/12/2011 3:51:15 PM,DLS,N,True
2290239,3/28/2006 10:47:00 PM,4825 S DREXEL,108NCD,KY,PAS,0940060,PARK/STAND ON BICYCLE PATH,021,MERC,100,200,0.0,Dismissed,6/28/2006 3:00:14 AM,,N,True
2290929,4/3/2006 5:18:00 PM,4430 S DREXEL BLVD,762F160,IL,TMP,0940060,PARK/STAND ON BICYCLE PATH,021,HOND,100,200,244.0,Notice,4/12/2006 11:11:42 PM,DLS,N,True
2292282,4/14/2006 10:33:00 AM,47 S CANAL,183673D,IL,TRK,0940060,PARK/STAND ON BICYCLE PATH,0498,ISU,100,200,0.0,Paid,4/28/2006 9:14:46 PM,,N,True
2327672,1/2/2006 11:56:00 AM,4019 W 26TH ST,,IL,PAS,0940060,PARK/STAND ON BICYCLE PATH,010,FORD,100,200,100.0,Define,1/4/2006 9:00:37 PM,,N,True
2333063,2/14/2006 12:48:00 PM,1645 N WELLS,TZV9845,IL,PAS,0940060,PARK/STAND ON BICYCLE PATH,018,MERZ,100,200,100.0,Define,2/21/2006 9:00:40 PM,,N,True
2335442,2/24/2006 4:51:00 PM,1317 N WELLS,111576TW,IL,TRK,0940060,PARK/STAND ON BICYCLE PATH,216,FORD,100,200,0.0,Paid,10/2/2006 10:25:40 AM,DETR,Y,True
2337021,3/19/2006 3:51:00 AM,4078 W 26TH ST,7193898,IL,PAS,0940060,PARK/STAND ON BICYCLE PATH,010,FORD,100,200,0.0,Dismissed,5/19/2006 1:01:23 PM,VIOL,Y,True
2340905,4/16/2006 4:52:00 AM,4149 W 26TH ST,9898715,IL,PAS,0940060,PARK/STAND ON BICYCLE PATH,010,HOND,100,200,0.0,Paid,2/22/2007 9:21:11 PM,FINL,N,True
2342599,4/27/2006 5:46:00 PM,4424 S DREXEL,5774956,IL,PAS,0940060,PARK/STAND ON BICYCLE PATH,021,CADI,100,200,0.0,Paid,9/1/2007 9:43:07 AM,FINL,N,True
2358611,8/20/2006 8:25:00 PM,5500 S SHORE DRIVE,9384554,IL,PAS,0940060,PARK/STAND ON BICYCLE PATH,021,CHEV,100,200,0.0,Paid,8/10/2007 3:41:10 PM,SEIZ,N,True
2360428,8/29/2006 6:50:00 PM,7935 S SHORE DR,5402970,IL,PAS,0940060,PARK/STAND ON BICYCLE PATH,004,CHEV,100,200,0.0,Paid,12/2/2011 10:38:13 AM,SEIZ,N,True
2362308,9/16/2006 6:00:00 PM,3859 S LAKE SHORE DR,4ZJD887,IL,PAS,0940060,PARK/STAND ON BICYCLE PATH,021,FORD,100,200,0.0,Paid,10/8/2006 12:35:18 PM,,N,True
2381738,2/13/2006 5:55:00 PM,4901 S DREXEL,9064024,IL,PAS,0940060,PARK/STAND ON BICYCLE PATH,021,BUIC,100,200,0.0,Paid,11/27/2008 9:00:14 AM,SEIZ,N,True
2387926,4/5/2006 10:00:00 PM,3130 N CLARK,6115TX,IL,TXI,0940060,PARK/STAND ON BICYCLE PATH,023,FORD,100,200,0.0,Paid,5/31/2006 8:20:12 PM,DETR,N,True
2396061,6/7/2006 10:56:00 AM,1409 N WELLS,6731643,IL,PAS,0940060,PARK/STAND ON BICYCLE PATH,0498,AUDI,100,200,0.0,Paid,7/24/2006 4:44:02 PM,DETR,N,True
2397245,6/12/2006 10:40:00 PM,4748 S DREXEL,299G339,IL,TMP,0940060,PARK/STAND ON BICYCLE PATH,021,HYUN,100,200,0.0,Paid,7/21/2009 3:26:18 PM,DLS,N,True
2409178,7/4/2006 10:25:00 PM,4917 S DREXEL BLVD,6017225,IL,PAS,0940060,PARK/STAND ON BICYCLE PATH,021,PONT,100,200,0.0,Paid,12/15/2006 8:32:09 AM,DETR,Y,True
2409890,9/9/2006 9:30:00 PM,4917 S DREXEL,7367962,IL,PAS,0940060,PARK/STAND ON BICYCLE PATH,021,CADI,100,200,0.0,Paid,9/25/2015 3:17:07 PM,DETR,N,True
2411752,9/25/2006 4:30:00 PM,51 E 26TH STREET,1479TX,IL,TXI,0940060,PARK/STAND ON BICYCLE PATH,021,FORD,100,200,0.0,Paid,12/9/2006 2:38:55 PM,DETR,Y,True
2415774,10/19/2006 6:13:00 PM,4420 S DREXEL,J631059,IL,PAS,0940060,PARK/STAND ON BICYCLE PATH,021,FORD,100,200,0.0,Paid,4/4/2007 4:53:10 PM,SEIZ,N,True
2422833,12/16/2006 5:10:00 PM,1215 W 67TH,7657256,IL,PAS,0940060,PARK/STAND ON BICYCLE PATH,007,CHEV,100,200,0.0,Paid,1/19/2007 2:55:26 PM,VIOL,N,True
2426924,1/25/2006 9:41:00 AM,909 W WASHINGTON BLVD,D86473,IL,PAS,0940060,PARK/STAND ON BICYCLE PATH,0498,CHEV,100,200,0.0,Paid,2/2/2006 9:18:39 PM,,N,True
2431124,2/23/2006 12:44:00 AM,4855 S DREXEL,5774956,IL,PAS,0940060,PARK/STAND ON BICYCLE PATH,021,CADI,100,200,0.0,Paid,4/4/2007 11:08:09 AM,SEIZ,N,True
2434224,3/21/2006 10:31:00 PM,4625 S DREXEL,857F291,IL,TMP,0940060,PARK/STAND ON BICYCLE PATH,021,DODG,100,200,0.0,Paid,2/14/2007 8:38:41 AM,SEIZ,Y,True
2434426,3/23/2006 10:00:00 PM,4659 S DREXEL,6458460,IL,PAS,0940060,PARK/STAND ON BICYCLE PATH,021,CADI,100,200,244.0,Notice,4/5/2006 10:38:17 PM,SEIZ,N,True
2434747,3/14/2006 10:25:00 AM,716 W 67TH,576F887,IL,TMP,0940060,PARK/STAND ON BICYCLE PATH,007,BUIC,100,200,0.0,Paid,3/5/2015 11:10:04 AM,SEIZ,N,True
2445915,6/13/2006 7:07:00 PM,4601 S DREXEL,6604081,IL,PAS,0940060,PARK/STAND ON BICYCLE PATH,021,CHEV,100,200,0.0,Paid,8/5/2006 11:30:52 AM,DETR,N,True
2449820,6/12/2006 10:37:00 AM,1017 W WASHINGTON,4467441,IL,PAS,0940060,PARK/STAND ON BICYCLE PATH,012,HOND,100,200,0.0,Paid,8/4/2006 4:47:16 PM,VIOL,N,True
2451840,7/27/2006 11:30:00 AM,3820 W LAWRENCE,151767D,IL,TRK,0940060,PARK/STAND ON BICYCLE PATH,017,FORD,100,200,0.0,Paid,8/28/2006 9:20:36 PM,VIOL,N,True
2456804,6/7/2006 1:45:00 PM,1710 N WELLS,J144028,IL,PAS,0940060,PARK/STAND ON BICYCLE PATH,018,MERC,100,200,0.0,Paid,11/2/2006 2:50:10 PM,DETR,N,True
2460153,9/23/2006 8:44:00 AM,1231 S WABASH,2609007,IL,PAS,0940060,PARK/STAND ON BICYCLE PATH,0498,JEEP,100,200,0.0,Paid,10/24/2006 9:30:50 PM,VIOL,N,True
2465518,11/1/2006 12:00:00 PM,915 W WASHINGTON BLVD,71740AB,IL,TRK,0940060,PARK/STAND ON BICYCLE PATH,0498,FORD,100,200,0.0,Dismissed,1/29/2007 2:29:39 PM,DETR,Y,True
2478092,2/10/2006 10:15:00 AM,1612 N WELLS,762UCF,CT,PAS,0940060,PARK/STAND ON BICYCLE PATH,0498,BUIC,100,200,244.0,Notice,8/12/2007 3:29:51 AM,FINL,N,True
2483403,3/20/2006 3:09:00 PM,1617 N WELLS,D44STC,TX,PAS,0940060,PARK/STAND ON BICYCLE PATH,018,HOND,100,200,244.0,Notice,5/31/2007 11:27:49 PM,SEIZ,N,True
2485115,4/7/2006 2:19:00 PM,855 W WASHINGTON BLVD,4998466,IL,PAS,0940060,PARK/STAND ON BICYCLE PATH,0498,DODG,100,200,0.0,Paid,6/15/2013 2:08:46 AM,SEIZ,N,True
2489456,5/6/2006 4:16:00 PM,2254 N LINCOLN,J983141,IL,PAS,0940060,PARK/STAND ON BICYCLE PATH,018,CHEV,100,200,0.0,Paid,6/12/2006 9:19:18 PM,DETR,N,True
2489489,5/10/2006 2:24:00 PM,1840 W AUGUSTA BOULEVARD,8498456,IL,PAS,0940060,PARK/STAND ON BICYCLE PATH,0498,ACUR,100,200,0.0,Paid,6/16/2006 4:24:24 PM,DETR,N,True
2494683,6/13/2006 9:54:00 AM,440 N WELLS,2901TX,IL,TXI,0940060,PARK/STAND ON BICYCLE PATH,018,FORD,100,200,0.0,Paid,8/23/2006 1:38:47 PM,FINL,N,True
2494952,6/16/2006 7:11:00 PM,4716 S DREXEL,6033334,IL,PAS,0940060,PARK/STAND ON BICYCLE PATH,021,CHEV,100,200,0.0,Paid,9/14/2006 3:39:42 PM,FINL,N,True
2499659,7/26/2006 12:42:00 PM,953 W WASHINGTON BLVD,5693522,IL,PAS,0940060,PARK/STAND ON BICYCLE PATH,0498,FORD,100,200,100.0,Define,7/27/2006 9:06:42 PM,,N,True
2507886,9/17/2006 10:16:00 PM,4659 S DREXEL,8602168,IL,PAS,0940060,PARK/STAND ON BICYCLE PATH,021,FORD,100,200,0.0,Paid,12/31/2007 11:46:06 AM,SEIZ,N,True
2507887,9/17/2006 10:15:00 PM,4915 S DREXEL,EN25ZA,OH,PAS,0940060,PARK/STAND ON BICYCLE PATH,021,DODG,100,200,244.0,Notice,10/17/2007 2:54:03 PM,SEIZ,N,True
2509559,9/30/2006 12:20:00 PM,1628 N DAMEN AV,3025502,IL,PAS,0940060,PARK/STAND ON BICYCLE PATH,0498,SATR,100,200,0.0,Paid,11/8/2006 9:44:20 PM,DETR,N,True
2534637,4/11/2006 6:55:00 PM,4613 S DREXEL,J254878,IL,PAS,0940060,PARK/STAND ON BICYCLE PATH,021,DODG,100,200,0.0,Paid,6/13/2006 2:20:41 PM,DETR,Y,True
2540761,5/27/2006 6:05:00 PM,4235 W 26TH ST,6905266,IL,PAS,0940060,PARK/STAND ON BICYCLE PATH,010,CHEV,100,200,0.0,Paid,6/16/2007 8:32:06 AM,VIOL,N,True
2542288,6/7/2006 8:34:00 PM,4530 S DREXEL,E63047,IL,PAS,0940060,PARK/STAND ON BICYCLE PATH,021,CADI,100,200,100.0,Define,6/13/2006 9:02:54 PM,,N,True
2543663,6/15/2006 8:50:00 PM,4520 S DREXEL,8018911,IL,PAS,0940060,PARK/STAND ON BICYCLE PATH,021,PONT,100,200,244.0,Notice,6/28/2006 11:05:44 PM,SEIZ,N,True
2553801,8/27/2006 5:15:00 PM,4019 W 26TH ST,2241B,IL,USM,0940060,PARK/STAND ON BICYCLE PATH,010,OLDS,100,200,0.0,Dismissed,11/28/2006 3:00:17 AM,,N,True
2555627,9/8/2006 5:18:00 PM,239 E RANDOLPH,5892626,IL,PAS,0940060,PARK/STAND ON BICYCLE PATH,216,NISS,100,200,0.0,Dismissed,11/28/2006 3:00:17 AM,,N,True
2556328,9/14/2006 8:45:00 AM,3309 W MARQUETTE ROAD,6352223,IL,PAS,0940060,PARK/STAND ON BICYCLE PATH,008,FORD,100,200,0.0,Paid,11/15/2006 9:17:17 PM,FINL,N,True
2556667,9/19/2006 9:05:00 AM,817 W JACKSON BOULEVARD,T316776,IL,PAS,0940060,PARK/STAND ON BICYCLE PATH,0498,DODG,100,200,0.0,Paid,4/30/2007 3:39:26 PM,FINL,N,True
2557866,9/27/2006 12:00:00 PM,1241 S WABASH,8537443,IL,PAS,0940060,PARK/STAND ON BICYCLE PATH,0498,SAAB,100,200,0.0,Dismissed,12/30/2006 11:48:50 PM,,N,True
2572818,1/22/2006 11:01:00 AM,4010 W 26TH ST,2720517,IL,PAS,0940060,PARK/STAND ON BICYCLE PATH,010,CHRY,100,200,0.0,Paid,2/14/2006 4:28:21 PM,VIOL,N,True
2587314,5/10/2006 11:45:00 AM,103 W VAN BUREN,AP8535,IL,MCY,0940060,PARK/STAND ON BICYCLE PATH,252,SUZI,100,200,0.0,Paid,10/10/2008 12:46:11 PM,FINL,N,True
2589931,6/2/2006 5:51:00 AM,4712 S DREXEL,B397971,IL,PAS,0940060,PARK/STAND ON BICYCLE PATH,021,FORD,100,200,183.0,Notice,6/14/2006 11:16:23 PM,SEIZ,N,True
2610566,10/27/2006 10:35:00 AM,1449 W TAYLOR ST,8647120,IL,PAS,0940060,PARK/STAND ON BICYCLE PATH,0498,FORD,100,200,0.0,Paid,7/26/2007 1:28:07 PM,FINL,N,True
2612723,11/14/2006 12:49:00 PM,952 W ARMITAGE,REF486,KS,PAS,0940060,PARK/STAND ON BICYCLE PATH,0498,CHRY,100,200,244.0,Notice,9/23/2007 5:12:54 AM,SEIZ,N,True
2615444,11/28/2006 5:20:00 PM,1350 N WELLS,5545139,IL,PAS,0940060,PARK/STAND ON BICYCLE PATH,216,LEXU,100,200,0.0,Paid,1/5/2007 9:14:25 PM,VIOL,N,True
2623991,2/14/2006 9:52:00 AM,1512 N WELLS,580733,IL,PAS,0940060,PARK/STAND ON BICYCLE PATH,0498,GEO,100,200,0.0,Paid,3/2/2006 9:13:26 PM,,N,True
2641243,6/12/2006 1:15:00 PM,1325 S WABASH,6300278,IL,PAS,0940060,PARK/STAND ON BICYCLE PATH,495,VOLV,100,200,244.0,Notice,6/28/2006 11:32:29 PM,SEIZ,N,True
2642410,6/25/2006 10:45:00 AM,900 S COLUMBUS,6438171,IL,PAS,0940060,PARK/STAND ON BICYCLE PATH,001,CHRY,100,200,0.0,Paid,7/6/2006 11:35:40 AM,,N,True
2643049,6/30/2006 10:30:00 PM,3900 S LAKE SHORE DR,8102222,IL,PAS,0940060,PARK/STAND ON BICYCLE PATH,021,PONT,100,200,0.0,Paid,8/3/2006 5:07:11 PM,VIOL,N,True
2644251,7/18/2006 11:47:00 AM,440 N WELLS,1283120,IL,PAS,0940060,PARK/STAND ON BICYCLE PATH,0498,MITS,100,200,0.0,Paid,11/15/2015 9:12:24 AM,SEIZ,N,True
2655338,9/28/2006 2:25:00 AM,3101 S LAKE FRONT,8579727,IL,PAS,0940060,PARK/STAND ON BICYCLE PATH,021,GMC,100,200,0.0,Paid,8/7/2012 5:38:15 PM,SEIZ,N,True
2665693,12/16/2006 7:45:00 AM,3317 W MARQUETTE ROAD,9575343,IL,PAS,0940060,PARK/STAND ON BICYCLE PATH,008,PONT,100,200,0.0,Paid,3/9/2009 9:10:12 AM,SEIZ,N,True
2668682,1/12/2006 9:31:00 AM,1154 W ARMITAGE,VLV623,KS,PAS,0940060,PARK/STAND ON BICYCLE PATH,0498,HOND,100,200,100.0,Define,1/13/2006 9:00:31 PM,,N,True
2668816,1/10/2006 7:05:00 PM,1235 S WABASH,7122326,IL,PAS,0940060,PARK/STAND ON BICYCLE PATH,001,PLYM,100,200,0.0,Paid,1/18/2006 12:02:39 PM,,N,True
2670741,1/25/2006 11:20:00 PM,4625 S DREXEL,4525560,IL,PAS,0940060,PARK/STAND ON BICYCLE PATH,021,OLDS,100,200,0.0,Paid,8/11/2006 10:50:47 AM,DLS,N,True
2675670,3/5/2006 3:32:00 AM,4700 N LAKE SHORE DR,1129,IL,PML,0940060,PARK/STAND ON BICYCLE PATH,023,CHEV,100,200,100.0,Define,3/14/2006 9:00:36 PM,,N,True
2679111,4/3/2006 5:18:00 PM,4420 S DREXEL BLVD,6616358,IL,PAS,0940060,PARK/STAND ON BICYCLE PATH,021,HOND,100,200,0.0,Dismissed,7/24/2013 12:21:55 AM,DLS,N,True
2679717,4/3/2006 5:14:00 PM,1603 N WELLS,9429288,IL,PAS,0940060,PARK/STAND ON BICYCLE PATH,018,AUDI,100,200,100.0,Define,4/12/2006 9:00:32 PM,,N,True
2686798,5/24/2006 1:03:00 PM,2020 N HALSTED,9989249,IL,PAS,0940060,PARK/STAND ON BICYCLE PATH,216,TOYT,100,200,0.0,Paid,6/28/2006 9:13:09 PM,VIOL,N,True
2689119,6/16/2006 9:47:00 AM,1230 S WABASH AV,PAAVEY1,IL,PAS,0940060,PARK/STAND ON BICYCLE PATH,0498,FORD,100,200,0.0,Paid,8/14/2006 9:23:19 PM,DETR,N,True
2695451,7/15/2006 3:37:00 PM,2414 E 83RD ST,801261,IN,APP,0940060,PARK/STAND ON BICYCLE PATH,004,FLNR,100,200,100.0,Define,8/7/2006 9:06:54 PM,,N,True
2719309,1/23/2006 1:07:00 PM,1716 N WELLS,B560253,IL,PAS,0940060,PARK/STAND ON BICYCLE PATH,018,JEEP,100,200,0.0,Paid,3/17/2006 3:59:18 PM,,N,True
2726003,3/21/2006 10:15:00 PM,4829 S DREXEL,7367962,IL,PAS,0940060,PARK/STAND ON BICYCLE PATH,021,CADI,100,200,0.0,Paid,2/2/2007 10:23:54 AM,SEIZ,Y,True
2728145,4/5/2006 9:33:00 PM,14720 S DREXEL,96185G,IL,TRK,0940060,PARK/STAND ON BICYCLE PATH,021,CHEV,100,200,100.0,Define,4/13/2006 9:00:38 PM,,N,True
2729165,4/13/2006 8:11:00 PM,4613 S DREXEL,9626288,IL,PAS,0940060,PARK/STAND ON BICYCLE PATH,021,FORD,100,200,0.0,Paid,6/13/2006 9:21:25 PM,DETR,N,True
2732765,5/4/2006 5:12:00 PM,1647 N WELLS,6000358,IL,PAS,0940060,PARK/STAND ON BICYCLE PATH,018,CHRY,100,200,0.0,Paid,1/17/2007 8:36:32 AM,SEIZ,N,True
2750701,9/14/2006 1:29:00 AM,1715 S SHORE DR,OAK88N,MO,PAS,0940060,PARK/STAND ON BICYCLE PATH,021,HOND,100,200,0.0,Paid,11/28/2007 6:55:07 PM,VIOL,N,True
2750702,4/17/2006 10:15:00 PM,4917 S DREXEL,8102376,IL,PAS,0940060,PARK/STAND ON BICYCLE PATH,021,GMC,100,200,0.0,Paid,3/10/2010 8:20:17 PM,SEIZ,N,True
2757076,10/28/2006 4:45:00 PM,2038 N HALSTED,6051155,IL,PAS,0940060,PARK/STAND ON BICYCLE PATH,018,LEXU,100,200,0.0,Paid,12/26/2006 4:00:14 PM,DETR,N,True
2763633,12/24/2006 7:50:00 AM,3309 W MARQUETTE ROAD,112H503,IL,TMP,0940060,PARK/STAND ON BICYCLE PATH,008,HOND,100,200,0.0,Paid,1/21/2010 12:26:12 PM,SEIZ,N,True
2764318,12/29/2006 1:44:00 AM,668 N DEARBORN,1772767,IL,PAS,0940060,PARK/STAND ON BICYCLE PATH,252,VOLV,100,200,0.0,Paid,2/22/2007 8:02:54 AM,DETR,N,True
2774704,3/21/2006 10:31:00 PM,4625 S DREXEL,4234506,IL,PAS,0940060,PARK/STAND ON BICYCLE PATH,021,OLDS,100,200,0.0,Paid,5/22/2006 2:33:49 PM,DETR,N,True
2780313,5/5/2006 2:13:00 PM,1235 S WABASH,6592553,IL,PAS,0940060,PARK/STAND ON BICYCLE PATH,0498,MERZ,100,200,100.0,Define,5/8/2006 9:00:39 PM,,N,True
2783806,6/3/2006 12:09:00 PM,960 N LINCOLN PARK WEST,2962248,IL,PAS,0940060,PARK/STAND ON BICYCLE PATH,0498,HOND,100,200,0.0,Paid,6/16/2006 9:21:18 PM,,N,True
2788970,7/9/2006 11:50:00 AM,750 S -COLUMBUS,9792399,IL,PAS,0940060,PARK/STAND ON BICYCLE PATH,055,SAAB,100,200,244.0,Notice,7/19/2006 11:26:38 PM,DLS,N,True
2797614,9/4/2006 10:15:00 PM,5039 S DREXEL,1137738,IL,PAS,0940060,PARK/STAND ON BICYCLE PATH,021,MITS,100,200,0.0,Dismissed,10/31/2006 2:20:21 PM,VIOL,Y,True
2798668,9/12/2006 5:50:00 PM,2029 W DIVISION,4490601,IL,PAS,0940060,PARK/STAND ON BICYCLE PATH,014,CHEV,100,200,0.0,Paid,10/15/2006 1:38:01 PM,DETR,N,True
2807706,11/21/2006 1:43:00 PM,809 W JACKSON BOULEVARD,8936848,IL,PAS,0940060,PARK/STAND ON BICYCLE PATH,0498,CHEV,100,200,244.0,Notice,11/29/2006 11:16:20 PM,SEIZ,N,True
2808945,11/21/2006 5:00:00 PM,201 E RANDOLPH,9802636,IL,PAS,0940060,PARK/STAND ON BICYCLE PATH,001,JEEP,100,200,0.0,Dismissed,5/6/2008 4:08:12 PM,VIOL,Y,True
2813649,1/7/2006 10:43:00 AM,3822 W LAWRENCE AVE,2644775,IL,PAS,0940060,PARK/STAND ON BICYCLE PATH,0498,CHRY,100,200,0.0,Dismissed,3/1/2006 2:17:51 PM,VIOL,Y,True
2819448,2/28/2006 6:57:00 AM,1763 N WELLS,7333724,IL,PAS,0940060,PARK/STAND ON BICYCLE PATH,0498,NISS,100,200,244.0,Notice,3/8/2006 10:22:22 PM,SEIZ,N,True
2821196,3/4/2006 9:10:00 PM,1866 N DAMEN,2762AN,IL,PAS,0940060,PARK/STAND ON BICYCLE PATH,014,TOYT,100,200,0.0,Paid,4/17/2006 9:11:38 PM,,N,True
2837610,7/9/2006 6:46:00 PM,3901 S LAKE SHORE DR,3906619,IL,PAS,0940060,PARK/STAND ON BICYCLE PATH,021,MERC,100,200,100.0,Define,7/14/2006 9:01:52 PM,,N,True
2839048,7/21/2006 1:00:00 AM,2518 N LINCOLN,6009298,IL,PAS,0940060,PARK/STAND ON BICYCLE PATH,019,CADI,100,200,0.0,Paid,9/11/2006 9:31:16 AM,DETR,N,True
2856341,11/21/2006 10:38:00 AM,1444 N WELLS,4507105,IL,PAS,0940060,PARK/STAND ON BICYCLE PATH,0498,NISS,100,200,0.0,Paid,11/30/2006 9:24:19 PM,,N,True
2863523,1/20/2006 10:17:00 AM,2465 N LINCOLN,3101636,IL,PAS,0940060,PARK/STAND ON BICYCLE PATH,0498,VOLK,100,200,0.0,Paid,4/25/2006 10:41:32 AM,DETR,Y,True
2870214,3/11/2006 8:02:00 AM,2331 S CENTRAL PARK,6248829,IL,PAS,0940060,PARK/STAND ON BICYCLE PATH,010,FORD,100,200,0.0,Paid,8/21/2006 9:33:25 AM,SEIZ,N,True
2886151,7/9/2006 12:12:00 PM,801 S COLUMBUS,7516912,IL,PAS,0940060,PARK/STAND ON BICYCLE PATH,055,TOYT,100,200,0.0,Paid,7/17/2006 9:09:20 PM,,N,True
2896715,9/20/2006 12:31:00 PM,917 W WASHINGTON BLVD,9173539,IL,PAS,0940060,PARK/STAND ON BICYCLE PATH,0498,ROV,100,200,0.0,Paid,9/28/2006 9:14:33 PM,,N,True
2911215,1/2/2006 11:50:00 PM,1042 W MARQUETTE,1897123,IL,PAS,0940060,PARK/STAND ON BICYCLE PATH,007,PONT,100,200,0.0,Paid,8/7/2014 10:16:34 AM,SEIZ,N,True
2913986,1/26/2006 9:11:00 AM,7460 S SOUTHSHORE DRIVE,116G168,IL,TMP,0940060,PARK/STAND ON BICYCLE PATH,498,PLYM,100,200,0.0,Paid,5/16/2006 9:10:43 PM,FINL,N,True
2920402,3/21/2006 8:37:00 PM,7458 S SOUTH SHORE DR,165JXR,WI,PAS,0940060,PARK/STAND ON BICYCLE PATH,003,DODG,100,200,0.0,Paid,6/26/2006 4:50:03 PM,SEIZ,N,True
2922089,4/4/2006 8:37:00 PM,4919 S DREXEL,6773071,IL,PAS,0940060,PARK/STAND ON BICYCLE PATH,021,OLDS,100,200,0.0,Paid,5/12/2006 9:13:06 PM,DETR,N,True
2924849,4/27/2006 1:51:00 PM,1636 W DIVISION,1135461,IL,PAS,0940060,PARK/STAND ON BICYCLE PATH,0498,PLYM,100,200,0.0,Dismissed,7/7/2006 3:05:07 PM,DETR,Y,True
2928480,5/23/2006 11:31:00 AM,1300 S WABASH,5450063,IL,PAS,0940060,PARK/STAND ON BICYCLE PATH,0498,FORD,100,200,0.0,Paid,6/5/2006 10:54:47 AM,VIOL,N,True
2929587,5/29/2006 2:20:00 PM,4881 N MARINE DR,433G661,IL,TMP,0940060,PARK/STAND ON BICYCLE PATH,020,FORD,100,200,0.0,Paid,6/14/2006 9:17:58 PM,VIOL,N,True
2932398,6/19/2006 5:56:00 PM,2020 N LINCOLN,T653476,IL,PAS,0940060,PARK/STAND ON BICYCLE PATH,018,JAGU,100,200,0.0,Paid,7/26/2006 9:16:04 PM,DETR,N,True
2933551,6/29/2006 12:02:00 PM,1557 N WELLS,3862646,IL,PAS,0940060,PARK/STAND ON BICYCLE PATH,0498,MERZ,100,200,0.0,Paid,8/14/2006 9:18:53 PM,DETR,N,True
2938299,8/4/2006 10:26:00 AM,855 W WASHINGTON BLVD,34570LB,IL,TRK,0940060,PARK/STAND ON BICYCLE PATH,0498,FORD,100,200,244.0,Notice,9/29/2006 7:00:49 PM,SEIZ,N,True
2944052,4/9/2006 7:35:00 PM,4611 S DREXEL BLVD,D500614,IL,PAS,0940060,PARK/STAND ON BICYCLE PATH,021,FORD,100,200,0.0,Paid,11/2/2006 9:23:23 PM,DETR,N,True
2954741,11/20/2006 7:15:00 AM,1746 W ROOSEVELT,8459880,IL,PAS,0940060,PARK/STAND ON BICYCLE PATH,012,TOYT,100,200,0.0,Paid,1/23/2008 10:42:10 AM,DETR,N,True
2959355,1/10/2006 9:28:00 AM,1231 S WABASH,MUNGI21,IL,PAS,0940060,PARK/STAND ON BICYCLE PATH,0498,FORD,100,200,0.0,Paid,1/11/2006 9:28:02 PM,,N,True
2961250,1/25/2006 11:43:00 AM,1302 S WABASH,THAWRG1,IL,PAS,0940060,PARK/STAND ON BICYCLE PATH,0498,NISS,100,200,0.0,Paid,3/9/2007 10:44:25 AM,SEIZ,N,True
2961265,1/24/2006 11:56:00 AM,6214 N WINTHROP,2590TX,IL,TXI,0940060,PARK/STAND ON BICYCLE PATH,0498,FORD,100,200,0.0,Paid,6/28/2006 2:51:27 PM,DETR,Y,True
2974329,4/26/2006 9:15:00 PM,8302 S LASALLE,6040710,IL,PAS,0940060,PARK/STAND ON BICYCLE PATH,006,CADI,100,200,0.0,Paid,9/9/2006 5:17:53 PM,FINL,N,True
2983075,5/30/2006 10:49:00 AM,851 W WASHINGTON,1203TX,IL,TXI,0940060,PARK/STAND ON BICYCLE PATH,012,FORD,100,200,0.0,Paid,2/6/2015 10:28:04 AM,FINL,Y,True
2983157,6/22/2006 8:15:00 AM,901 W WASHINGTON,ZBU392,IL,PAS,0940060,PARK/STAND ON BICYCLE PATH,012,BUIC,100,200,0.0,Paid,6/18/2015 8:54:01 AM,,N,True
2983275,7/9/2006 11:52:00 AM,750 S COLUMBUS,6521135,IL,PAS,0940060,PARK/STAND ON BICYCLE PATH,055,HYUN,100,200,244.0,Notice,7/19/2006 11:26:38 PM,FINL,N,True
2989294,8/16/2006 5:50:00 PM,3901 S LAKE SHORE DR,5661296,IL,PAS,0940060,PARK/STAND ON BICYCLE PATH,021,TOYT,100,200,0.0,Paid,12/9/2006 11:49:33 AM,FINL,N,True
2989748,8/20/2006 5:15:00 PM,600 W MONTROSE,6592271,IL,TRK,0940060,PARK/STAND ON BICYCLE PATH,023,FORD,100,200,100.0,Define,8/25/2006 9:07:10 PM,,N,True
2992179,1/8/2006 4:35:00 PM,3101 S LAKE SHORE DR,7641277,IL,PAS,0940060,PARK/STAND ON BICYCLE PATH,021,ACUR,100,200,0.0,Paid,2/26/2007 10:50:32 AM,SEIZ,N,True
2995402,9/30/2006 11:49:00 AM,4136 W 26TH ST,8032550,IL,PAS,0940060,PARK/STAND ON BICYCLE PATH,010,CADI,100,200,0.0,Paid,10/24/2006 10:03:17 AM,VIOL,N,True
3001059,11/8/2006 5:00:00 PM,1358 W 67TH ST,JOJO910,IL,PAS,0940060,PARK/STAND ON BICYCLE PATH,007,CHEV,100,200,0.0,Paid,2/24/2007 12:31:37 PM,FINL,N,True
3011095,1/26/2006 8:36:00 PM,2327 W AUGUSTA,9645692,IL,PAS,0940060,PARK/STAND ON BICYCLE PATH,013,HYUN,100,200,0.0,Paid,12/16/2015 2:24:02 PM,DLS,N,True
3015408,3/14/2006 10:51:00 AM,1755 N DAMEN,6042322,IL,PAS,0940060,PARK/STAND ON BICYCLE PATH,0498,JEEP,100,200,0.0,Paid,4/5/2006 9:16:39 PM,VIOL,N,True
3015858,3/16/2006 10:22:00 AM,6166 N WINTHROP,2919815,IL,PAS,0940060,PARK/STAND ON BICYCLE PATH,0498,TOYT,100,200,0.0,Dismissed,5/9/2006 1:40:50 PM,VIOL,Y,True
3020597,4/14/2006 6:30:00 PM,1939 N LINCOLN,PBNJ73,IL,PAS,0940060,PARK/STAND ON BICYCLE PATH,018,MERZ,100,200,0.0,Paid,4/24/2006 10:27:57 PM,,N,True
3026217,5/28/2006 6:45:00 PM,4157 W 26TH ST,6534616,IL,PAS,0940060,PARK/STAND ON BICYCLE PATH,010,PONT,100,200,100.0,Define,6/1/2006 9:06:43 PM,,N,True
3027306,6/4/2006 2:45:00 PM,4327 W 26 ST,9603984,IL,PAS,0940060,PARK/STAND ON BICYCLE PATH,010,HOND,100,200,244.0,Notice,6/14/2006 11:43:31 PM,FINL,N,True
3027516,5/20/2006 8:40:00 PM,3101 S LAKE SHORE DR,8886537,IL,PAS,0940060,PARK/STAND ON BICYCLE PATH,001,FORD,100,200,244.0,Notice,6/14/2006 11:58:19 PM,SEIZ,N,True
3034526,8/1/2006 10:24:00 AM,1231 S WABASH AV,8522599,IL,PAS,0940060,PARK/STAND ON BICYCLE PATH,0498,CHEV,100,200,0.0,Dismissed,8/23/2006 12:28:07 PM,,Y,True
3038311,8/20/2006 11:12:00 AM,4049 W CHICAGO,8522146,IL,PAS,0940060,PARK/STAND ON BICYCLE PATH,011,HOND,100,200,0.0,Paid,7/21/2009 11:51:23 AM,FINL,N,True
3039987,9/3/2006 5:31:00 PM,239 E RANDOLPH,8945285,IL,PAS,0940060,PARK/STAND ON BICYCLE PATH,216,CHEV,100,200,244.0,Notice,9/13/2006 11:53:21 PM,FINL,N,True
3042830,9/25/2006 3:03:00 PM,1460 W AUGUSTA BOULEVARD,9797018,IL,PAS,0940060,PARK/STAND ON BICYCLE PATH,0498,CADI,100,200,0.0,Paid,4/18/2007 12:36:06 PM,FINL,Y,True
3046049,10/10/2006 5:19:00 PM,4055 W 26TH ST,8127051,IL,PAS,0940060,PARK/STAND ON BICYCLE PATH,010,DODG,100,200,0.0,Paid,10/19/2006 9:26:50 PM,,N,True
3053268,12/12/2006 10:34:00 AM,1025 W JACKSON BOULEVARD,87345LB,IL,TRK,0940060,PARK/STAND ON BICYCLE PATH,0498,MERZ,100,200,100.0,Define,12/13/2006 9:10:12 PM,,N,True
3055018,12/22/2006 10:39:00 AM,2030 N HALSTED,J428612,IN,TMP,0940060,PARK/STAND ON BICYCLE PATH,018,TOYT,100,200,100.0,Define,12/29/2006 9:03:48 PM,,N,True
3058321,1/13/2006 4:42:00 PM,1348 N WELLS,2410TX,IL,TXI,0940060,PARK/STAND ON BICYCLE PATH,018,FORD,100,200,0.0,Dismissed,3/13/2006 3:49:33 PM,,Y,True
3066668,3/25/2006 3:15:00 PM,3416 N HALSTED ST,6024336,IL,PAS,0940060,PARK/STAND ON BICYCLE PATH,0502,PONT,100,200,0.0,Dismissed,5/13/2006 11:41:01 AM,,Y,True
3070832,4/30/2006 11:14:00 AM,4146 W 26TH ST,6515YX,IL,TRK,0940060,PARK/STAND ON BICYCLE PATH,010,FORD,100,200,100.0,Define,5/3/2006 9:00:32 PM,,N,True
3077717,6/13/2006 8:21:00 PM,2315 N LINCOLN,6428982,IL,PAS,0940060,PARK/STAND ON BICYCLE PATH,0502,BMW,100,200,0.0,Paid,8/21/2006 12:31:15 PM,FINL,N,True
3080165,7/8/2006 1:40:00 PM,540 N DEARBORN,6772112,IL,PAS,0940060,PARK/STAND ON BICYCLE PATH,216,CADI,100,200,244.0,Notice,7/19/2006 11:09:35 PM,SEIZ,N,True
3098004,11/8/2006 4:23:00 PM,4059 W 26TH ST,6574390,IL,PAS,0940060,PARK/STAND ON BICYCLE PATH,010,PONT,100,200,0.0,Paid,12/1/2006 9:26:54 PM,VIOL,N,True
